"","X","Nombre","Equipo...Posicion","Peso","Altura","Nacionalidad","Juegos.Jugados","Juegos.Titular","Goles","Minutos.Jugados","Tarjetas.Amarillas","Tarjetas.Rojas"
"1",1,"José de Jesús Corona Rodríguez","Cruz Azul ",84,1.84,"Mexicano",10,10,0,900,2,0
"2",2,"Guillermo Allison Revuelta","Cruz Azul ",92,1.92,"Mexicano",0,0,0,0,0,0
"3",3,"Andrés Guillermo Gudiño Portillo","Cruz Azul ",86,1.83,"Mexicano",0,0,0,0,0,0
"4",4,"Sebastián Jurado Roca","Cruz Azul ",83,1.88,"Mexicano",0,0,0,0,0,0
"5",5,"Jaiber Jiménez Ramírez","Cruz Azul ",73,1.73,"Mexicano",2,0,0,46,0,0
"6",6,"Julio César Domínguez Juárez","Cruz Azul ",70,1.75,"Mexicano",10,10,1,899,1,0
"7",7,"Igor Lichnovsky Osorio","Cruz Azul ",72,1.86,"Chileno",4,3,0,261,1,0
"8",8,"Luis Francisco Romo Barrón","Cruz Azul ",84,1.82,"Mexicano",9,9,2,810,1,0
"9",9,"Adrián Alexei Aldrete Rodríguez","Cruz Azul ",75,1.77,"Mexicano",9,9,2,810,1,0
"10",10,"Pablo César Aguilar Benítez","Cruz Azul ",78,1.78,"Mexicano",6,6,0,540,2,0
"11",11,"Juan Marcelo Escobar Chena","Cruz Azul ",76,1.77,"Paraguayo",8,7,1,664,1,0
"12",12,"Pablo Daniel Ceppelini Gatto","Cruz Azul ",72,1.8,"Uruguayo",5,1,0,111,0,1
"13",13,"Alex Stik Castro Giraldo","Cruz Azul ",70,1.7,"Colombiano",5,1,0,159,0,0
"14",14,"Elías Hernán Hernández Jacuinde","Cruz Azul ",70,1.71,"Mexicano",10,10,4,878,0,0
"15",15,"Josué Misael Domínguez González","Cruz Azul ",53,1.59,"Mexicano",2,0,0,19,0,0
"16",16,"Víctor Yoshimar Yotun Flores","Cruz Azul ",68,1.73,"Peruano",3,2,0,182,0,0
"17",17,"Alexis Hazael Gutiérrez Torres","Cruz Azul ",74,1.73,"Mexicano",1,1,0,63,0,0
"18",18,"Rafael Baca Miranda","Cruz Azul ",66,1.73,"Mexicano",10,10,0,869,4,0
"19",19,"Roberto Carlos Alvarado Hernández","Cruz Azul ",70,1.76,"Mexicano",10,10,2,774,1,0
"20",20,"Orbelín Pineda Alvarado","Cruz Azul ",63.3,1.69,"Mexicano",8,4,1,353,0,1
"21",21,"Jonathan Darwin Borja Colorado","Cruz Azul ",70,1.78,"Ecuatoriano",1,0,0,13,0,0
"22",22,"Milton Joel Caraglio ","Cruz Azul ",92,1.87,"Argentino",0,0,0,0,0,0
"23",23,"Lucas Giuliano Passerini ","Cruz Azul ",81,1.89,"Argentino",4,0,0,33,0,0
"24",24,"Jonathan Javier Rodríguez Portillo","Cruz Azul ",79,1.77,"Uruguayo",10,10,9,861,1,0
"25",25,"Santiago Tomás Giménez ","Cruz Azul ",69,1.82,"Mexicano",9,7,2,537,1,0
"34",34,"Guillermo Pozos Guevara","León ",76,1.8,"Mexicano",0,0,0,0,0,0
"35",35,"Rodolfo Cota Robles","León ",85.8,1.83,"Mexicano",10,10,0,900,2,0
"36",36,"Sebastián Andrés Fassi Álvarez","León ",80,1.86,"Mexicano",0,0,0,0,0,0
"37",37,"Gil Giovanni Burón Morales","León ",67,1.68,"Mexicano",4,3,0,271,0,0
"38",38,"Fernando Navarro Morán","León ",64.5,1.68,"Mexicano",8,8,1,674,0,0
"39",39,"William José Tesillo Gutiérrez","León ",62,1.66,"Colombiano",9,9,1,810,0,0
"40",40,"Miguel Ángel Herrera Equihua","León ",81,1.83,"Mexicano",3,2,0,189,0,0
"41",41,"Ramiro Gabriel González Hernández","León ",79,1.82,"Argentino",2,2,0,180,0,0
"42",42,"Osvaldo Rodríguez del Portal","León ",74.5,1.75,"Mexicano",5,2,0,261,2,0
"43",43,"Jaine Stiven Barreiro Solis","León ",80,1.89,"Colombiano",8,8,0,720,3,0
"44",44,"Juan Ignacio González Ibarra","León ",83.6,1.88,"Mexicano",2,2,0,141,1,0
"45",45,"Luis Arturo Montes Jiménez","León ",67.9,1.66,"Mexicano",9,8,2,714,0,0
"46",46,"Yairo Yesid Moreno Berrio","León ",70,1.77,"Colombiano",7,7,0,566,1,0
"47",47,"José Iván Rodríguez Rebollar","León ",60.9,1.71,"Mexicano",3,1,0,95,0,0
"48",48,"Ángel Israel Mena Delgado","León ",71,1.68,"Ecuatoriano",10,10,8,870,4,0
"49",49,"Jean David Meneses Villarroel","León ",65.1,1.63,"Chileno",10,10,4,863,0,0
"50",50,"Pedro Jesús Aquino Sánchez","León ",71,1.75,"Peruano",9,8,0,710,3,1
"51",51,"Jown Anderson Cardona Agudelo","León ",65,1.69,"Colombiano",1,0,0,9,0,0
"52",52,"Víctor Ismael Sosa ","León ",75,1.79,"Argentino",9,7,2,589,0,0
"53",53,"Joel Nathaniel Campbell Samuels","León ",78,1.78,"Costarricense",7,1,1,241,0,0
"54",54,"Leonardo Javier Ramos ","León ",84.1,1.85,"Argentino",8,8,3,613,0,0
"55",55,"José de Jesús Godínez Navarro","León ",79,1.83,"Mexicano",4,0,0,88,0,0
"56",56,"Iván Fernando Ochoa Chávez","León ",76,1.78,"Mexicano",0,0,0,0,0,0
"57",57,"Nicolás Sosa Sánchez","León ",66.03,1.77,"Uruguayo",2,0,0,10,0,0
"66",66,"Jonathan Emmanuel Orozco Domínguez","Santos Laguna ",81,1.84,"Mexicano",10,10,0,900,0,0
"67",67,"Carlos Acevedo López","Santos Laguna ",74,1.84,"Mexicano",0,0,0,0,0,0
"68",68,"Josecarlos Van Rankin Galland","Santos Laguna ",73,1.78,"Mexicano",10,10,0,893,2,0
"69",69,"Félix Eduardo Torres Caicedo","Santos Laguna ",77,1.87,"Ecuatoriano",6,6,0,540,2,0
"70",70,"Gerardo Daniel Arteaga Zamora","Santos Laguna ",64,1.74,"Mexicano",10,10,0,900,2,0
"71",71,"Hugo Isaác Rodríguez de la O","Santos Laguna ",80,1.83,"Mexicano",6,6,1,538,2,1
"72",72,"Matheus Doria Macedo","Santos Laguna ",82,1.88,"Brasileño",8,8,1,653,1,0
"73",73,"Alan Jhosué Cervantes Martín del Campo","Santos Laguna ",68.6,1.81,"Mexicano",3,0,0,19,0,0
"74",74,"Brayan Eduardo Garnica Cortés","Santos Laguna ",60,1.67,"Mexicano",0,0,0,0,0,0
"75",75,"Carlos Emilio Orrantia Treviño","Santos Laguna ",63,1.76,"Mexicano",6,5,0,414,0,0
"76",76,"Diego Alfonso Valdés Contreras","Santos Laguna ",75,1.79,"Chileno",10,3,1,452,1,0
"77",77,"Fernando Gorriarán Fontes","Santos Laguna ",68,1.68,"Uruguayo",10,10,0,900,3,0
"78",78,"David Alfredo Andrade Gómez","Santos Laguna ",64,1.68,"Mexicano",0,0,0,0,0,0
"79",79,"Brian Avelino Lozano Aparicio","Santos Laguna ",67,1.67,"Uruguayo",10,10,3,900,4,0
"80",80,"Ulíses Rivas Gilio","Santos Laguna ",72,1.76,"Mexicano",10,10,0,830,2,0
"81",81,"Julio César Furch ","Santos Laguna ",88,1.88,"Argentino",10,10,3,818,2,0
"82",82,"Eryc Leonel Castillo Arroyo","Santos Laguna ",77,1.74,"Ecuatoriano",8,5,0,464,0,0
"83",83,"Eduar Ayrton Preciado García","Santos Laguna ",72,1.81,"Ecuatoriano",2,0,0,16,0,0
"84",84,"Eduardo Daniel Aguirre Lara","Santos Laguna ",75,1.76,"Mexicano",9,7,3,490,0,0
"85",85,"Raúl Octavio Rivero Falero","Santos Laguna ",84,1.85,"Uruguayo",7,0,1,104,0,0
"95",95,"Francisco Guillermo Ochoa Magaña","América ",85,1.9,"Mexicano",10,10,0,900,0,0
"96",96,"Oscar Francisco Jiménez Fabela","América ",77.8,1.82,"Mexicano",0,0,0,0,0,0
"97",97,"Luis Fernando Fuentes Vargas","América ",70,1.76,"Mexicano",9,8,2,785,1,0
"98",98,"Jorge Eduardo Sánchez Ramos","América ",71,1.75,"Mexicano",4,4,0,272,0,1
"99",99,"Sebastián Enzo Cáceres Ramos","América ",76.6,1.8,"Uruguayo",1,0,0,38,0,0
"100",100,"Jesús Alonso Escoboza Lugo","América ",68,1.71,"Mexicano",6,3,0,253,0,0
"101",101,"Bruno Amilcar Valdez Rojas","América ",78,1.79,"Paraguayo",8,8,1,645,1,1
"102",102,"Víctor Emanuel Aguilera ","América ",87.8,1.87,"Argentino",10,10,0,900,1,0
"103",103,"Paul Nicolás Aguilar Rojas","América ",67,1.8,"Mexicano",10,10,0,897,4,0
"104",104,"Oscar Haret Ortega  Gatica","América ",80,1.9,"Mexicano",3,2,0,182,0,0
"105",105,"Santiago Cáseres ","América ",84,1.8,"Argentino",5,2,0,197,0,1
"106",106,"Leonardo Gabriel Suárez ","América ",63,1.63,"Argentino",9,5,1,453,2,0
"107",107,"Andrés Felipe Ibargüen García","América ",70,1.75,"Colombiano",8,5,2,389,0,0
"108",108,"Nicolás Benedetti Roa","América ",73,1.77,"Colombiano",0,0,0,0,0,0
"109",109,"Francisco Sebastián Córdova Reyes","América ",65.8,1.74,"Mexicano",7,6,0,531,0,0
"110",110,"Richard Rafael Sánchez Guerrero","América ",70,1.7,"Paraguayo",10,10,0,893,0,0
"111",111,"Antonio de Jesús López Amenábar","América ",66,1.72,"Mexicano",2,0,0,5,0,0
"112",112,"Fernando Rubén González Pineda","América ",70,1.7,"Mexicano",9,7,0,633,2,0
"113",113,"Alex Renato Ibarra Mina","América ",75,1.72,"Ecuatoriano",0,0,0,0,0,0
"114",114,"Miguel Leyva Río De La Loza","América ",70,1.7,"Mexicano",0,0,0,0,0,0
"115",115,"Roger Beyker Martínez Tobinson","América ",86,1.8,"Colombiano",2,0,0,40,0,0
"116",116,"Giovani Dos Santos Ramírez","América ",75,1.75,"Mexicano",8,7,0,569,1,0
"117",117,"Nicolás Ignacio Castillo Mora","América ",81,1.79,"Chileno",1,0,0,15,0,0
"118",118,"Henry Josué Martín Mex","América ",73.3,1.77,"Mexicano",8,7,2,617,1,0
"119",119,"Federico Sebastián Viñas Barboza","América ",80,1.8,"Uruguayo",5,4,3,332,1,0
"135",135,"Raúl Manolo Gudiño Vega","Guadalajara ",91.9,1.96,"Mexicano",0,0,0,0,0,0
"136",136,"José Antonio Rodríguez Romero","Guadalajara ",86,1.86,"Mexicano",10,10,0,900,1,0
"137",137,"Antonio Ignacio Torres Carrillo","Guadalajara ",83,1.89,"Mexicano",0,0,0,0,0,0
"138",138,"Cristian Yonathan Calderón Del Real","Guadalajara ",66,1.77,"Mexicano",4,2,0,229,1,0
"139",139,"Antonio Briseño Vázquez","Guadalajara ",81.1,1.85,"Mexicano",4,2,0,263,0,0
"140",140,"Miguel Ángel Ponce Briseño","Guadalajara ",83,1.76,"Mexicano",9,9,0,810,2,0
"141",141,"Jesús Enrique Sánchez García","Guadalajara ",67.5,1.68,"Mexicano",7,7,0,575,2,0
"142",142,"Hiram Ricardo Mier Alanís","Guadalajara ",73.7,1.82,"Mexicano",10,10,0,840,1,0
"143",143,"José Antonio Madueña López","Guadalajara ",66.7,1.73,"Mexicano",3,2,0,205,0,0
"144",144,"Alexis Francisco Peña López","Guadalajara ",82.3,1.86,"Mexicano",0,0,0,0,0,0
"145",145,"Gilberto Sepúlveda López","Guadalajara ",77.9,1.82,"Mexicano",8,8,0,720,2,0
"146",146,"Dieter Daniel Villalpando Pérez","Guadalajara ",70.9,1.71,"Mexicano",4,1,0,128,0,0
"147",147,"Javier Eduardo López Ramírez","Guadalajara ",66.6,1.67,"Mexicano",8,6,2,463,0,0
"148",148,"Isaác Brizuela Muñóz","Guadalajara ",65.6,1.71,"Mexicano",10,8,0,715,1,0
"149",149,"Carlos Uriel Antuna Romero","Guadalajara ",61,1.74,"Mexicano",9,7,0,645,0,0
"150",150,"Jesús Ricardo Angulo Uriarte","Guadalajara ",62.3,1.72,"Mexicano",7,1,0,178,0,0
"151",151,"Jesús Antonio Molina Granados","Guadalajara ",77,1.86,"Mexicano",10,10,2,850,4,0
"152",152,"José Juan Vázquez Gómez","Guadalajara ",63,1.66,"Mexicano",4,0,0,101,0,0
"153",153,"Fernando Beltrán Cruz","Guadalajara ",64,1.63,"Mexicano",10,10,2,824,4,0
"154",154,"Alejandro Zendejas Saavedra","Guadalajara ",63.5,1.65,"Mexicano",0,0,0,0,0,0
"155",155,"Ernesto Alexis Vega Rojas","Guadalajara ",77.3,1.73,"Mexicano",7,7,2,502,1,1
"156",156,"José Juan Macías Guzmán","Guadalajara ",76,1.78,"Mexicano",8,7,4,616,0,0
"157",157,"Ronaldo Cisneros Morell","Guadalajara ",74,1.8,"Mexicano",4,2,0,138,1,1
"158",158,"Oribe Peralta Morones","Guadalajara ",71.7,1.78,"Mexicano",2,1,1,112,1,0
"169",169,"Alfredo Saldívar Medina","PUMAS ",78,1.83,"Mexicano",10,10,0,900,1,0
"170",170,"Julio José González Vela Alvizu","PUMAS ",82,1.83,"Mexicano",0,0,0,0,0,0
"171",171,"Rodrigo Alejandro Cerecedo Cabrera","PUMAS ",71,1.81,"Mexicano",0,0,0,0,0,0
"172",172,"Alan Mozo Rodríguez","PUMAS ",71,1.75,"Mexicano",10,10,0,888,3,0
"173",173,"Luis Fernando Quintana Vega","PUMAS ",75.7,1.8,"Mexicano",9,9,1,765,2,1
"174",174,"Johan Felipe Vásquez Ibarra","PUMAS ",72.1,1.85,"Mexicano",10,10,1,900,5,0
"175",175,"Jerónimo Rodríguez Guemes","PUMAS ",61.2,1.77,"Mexicano",0,0,0,0,0,0
"176",176,"Nicolás Omar Freire ","PUMAS ",82.2,1.87,"Argentino",2,1,1,125,1,0
"177",177,"Manuel Alejandro Mayorga Almaráz","PUMAS ",69,1.78,"Mexicano",10,10,0,810,4,0
"178",178,"Diego Jonathan Rodríguez Miranda","PUMAS ",75.8,1.75,"Mexicano",0,0,0,0,0,0
"179",179,"David Cabrera Pujol","PUMAS ",75.1,1.8,"Mexicano",0,0,0,0,0,0
"180",180,"Andrés Iniestra Vázquez Mellado","PUMAS ",78.8,1.77,"Mexicano",9,9,1,810,1,0
"181",181,"Víctor Ignacio Malcorra ","PUMAS ",74,1.7,"Mexicano",8,2,1,355,0,0
"182",182,"Leonel López González","PUMAS ",68,1.7,"Mexicano",4,1,0,170,1,0
"183",183,"Sebastián Saucedo Mondragón","PUMAS ",74,1.73,"Mexicano",10,8,1,596,1,1
"184",184,"Juan Pablo Vigon Cham","PUMAS ",70.4,1.75,"Mexicano",7,5,2,415,0,0
"185",185,"Alejandro Zamudio Galindo","PUMAS ",60,1.73,"Mexicano",0,0,0,0,0,0
"186",186,"Favio Enrique Álvarez ","PUMAS ",74.3,1.84,"Argentino",10,8,2,657,4,0
"187",187,"Pablo Edson Barrera Acosta","PUMAS ",74.8,1.74,"Mexicano",10,10,1,736,1,0
"188",188,"Martín  Barragán  Negrete","PUMAS ",76.9,1.77,"Mexicano",0,0,0,0,0,0
"189",189,"Juan Ignacio Dinenno De Cara","PUMAS ",84,1.87,"Argentino",8,2,4,322,0,0
"190",190,"Carlos Gabriel González Espinola","PUMAS ",80,1.83,"Paraguayo",10,10,4,900,1,0
"199",199,"Nahuel Ignacio Guzmán Palomeque","UANL ",93.5,1.93,"Argentino",10,10,0,900,0,0
"200",200,"Eduardo  Fernández López","UANL ",84,1.91,"Mexicano",0,0,0,0,0,0
"201",201,"Miguel René Ortega Rodríguez","UANL ",74.2,1.93,"Mexicano",0,0,0,0,0,0
"202",202,"Carlos Joel Salcedo Hernández","UANL ",77,1.88,"Mexicano",5,4,0,405,1,0
"203",203,"Hugo Ayala Castro","UANL ",81,1.83,"Mexicano",6,6,0,495,0,0
"204",204,"Jorge Emmanuel Torres Nilo","UANL ",81.4,1.82,"Mexicano",4,2,0,182,0,0
"205",205,"Juan José Sánchez Purata","UANL ",78.3,1.87,"Mexicano",1,0,0,84,0,0
"206",206,"Francisco Eduardo Venegas Moreno","UANL ",70,1.78,"Mexicano",1,0,0,15,0,0
"207",207,"Jordan Steeven Sierra Flores","UANL ",61.9,1.69,"Ecuatoriano",6,3,0,302,1,0
"208",208,"Diego Antonio Reyes Rosales","UANL ",75.1,1.92,"Mexicano",4,4,0,276,0,0
"209",209,"Francisco Javier Meza Palma","UANL ",79,1.84,"Colombiano",4,4,0,360,1,0
"210",210,"Eduardo Santiago Tercero Méndez","UANL ",69,1.8,"Mexicano",0,0,0,0,0,0
"211",211,"Rafael De Souza Pereira","UANL ",78.8,1.81,"Brasileño",8,6,0,529,1,0
"212",212,"Guido Hernán Pizarro Demestri","UANL ",74.6,1.85,"Mexicano",9,9,0,810,1,0
"213",213,"Javier Ignacio Aquino Carmona","UANL ",64,1.68,"Mexicano",9,7,1,619,1,0
"214",214,"Jürgen Damm Rascón","UANL ",70,1.85,"Mexicano",1,0,0,45,0,0
"215",215,"Luis Alfonso Rodríguez Alanís","UANL ",76,1.77,"Mexicano",10,9,0,805,3,0
"216",216,"Jesús Alberto Dueñas Manzo","UANL ",75,1.79,"Mexicano",10,10,0,871,2,0
"217",217,"José Luis García Montes","UANL ",70,1.75,"Mexicano",0,0,0,0,0,0
"218",218,"Eduardo Jesús Vargas Rojas","UANL ",81,1.74,"Chileno",7,2,1,281,0,0
"219",219,"André-pierre Christian Gignac ","UANL ",91,1.87,"Francés",9,9,8,798,2,0
"220",220,"Nicolás Federico López Alonso","UANL ",74.4,1.78,"Uruguayo",4,4,0,264,0,0
"221",221,"Enner Remberto Valencia Lastra","UANL ",75.6,1.77,"Ecuatoriano",9,7,1,595,1,0
"222",222,"Luis Enrique Quiñones ","UANL ",64.8,1.78,"Colombiano",7,6,1,556,1,0
"223",223,"Julián Andrés Quiñones Quiñones","UANL ",78.4,1.77,"Colombiano",4,0,0,54,0,0
"237",237,"Enrique Eduardo Palos Reyes","FC Juárez ",80,1.82,"Mexicano",0,0,0,0,0,0
"238",238,"Marco Antonio Canales Lomelí","FC Juárez ",69,1.72,"Mexicano",0,0,0,0,0,0
"239",239,"Edmundo Iván Vázquez Mellado Pérez","FC Juárez ",78,1.78,"Mexicano",10,10,0,900,2,0
"240",240,"Jonathan Leonardo Lacerda Araujo","FC Juárez ",79,1.8,"Uruguayo",1,1,0,48,0,0
"241",241,"Luis Alberto López López","FC Juárez ",77,1.82,"Mexicano",6,4,0,419,1,0
"242",242,"Elio Castro Guadarrama","FC Juárez ",77,1.85,"Mexicano",2,0,0,85,1,0
"243",243,"Eder Nicolás Borelli Cap","FC Juárez ",68,1.67,"Mexicano",0,0,0,0,0,0
"244",244,"Maximiliano Martín Olivera De Andrea","FC Juárez ",72,1.81,"Uruguayo",6,5,1,470,1,0
"245",245,"Israel Sabdi Jiménez Nañez","FC Juárez ",79,1.76,"Mexicano",10,10,0,894,1,0
"246",246,"Bruno Sebastián Romo Rojas","FC Juárez ",89,1.9,"Chileno",8,8,2,645,0,0
"247",247,"José Abraham Rodríguez Zazueta","FC Juárez ",78,1.77,"Mexicano",2,2,0,180,1,0
"248",248,"Victor Gustavo Velazquez Ramos","FC Juárez ",80,1.83,"Paraguayo",10,10,1,900,3,0
"249",249,"Alberto Joshimar Acosta Alvarado","FC Juárez ",74,1.75,"Mexicano",0,0,0,0,0,0
"250",250,"César Ronaldo Gandara Jiménez","FC Juárez ",77,1.81,"Mexicano",0,0,0,0,0,0
"251",251,"Walter Gael Sandoval Contreras","FC Juárez ",69,1.68,"Mexicano",1,0,0,46,0,0
"252",252,"Edy Germán Brambila Rosales","FC Juárez ",68,1.7,"Mexicano",1,0,0,12,0,0
"253",253,"Mauro Raúl Fernández ","FC Juárez ",67,1.69,"Argentino",10,10,0,701,1,0
"254",254,"William Gabriel Mendieta Pintos","FC Juárez ",77,1.78,"Paraguayo",6,2,0,267,1,0
"255",255,"Jefferson Alfredo Intriago Mendoza","FC Juárez ",75,1.72,"Ecuatoriano",10,10,0,900,4,0
"256",256,"José Joaquín Esquivel Martínez","FC Juárez ",80,1.8,"Mexicano",9,8,0,723,1,0
"257",257,"Flavio Jesús Santos Carrillo","FC Juárez ",73,1.72,"Mexicano",8,4,3,348,2,1
"258",258,"Manuel Viniegra García","FC Juárez ",71,1.77,"Mexicano",0,0,0,0,0,0
"259",259,"Francisco Javier Nevarez Pulgarin","FC Juárez ",70,1.71,"Mexicano",0,0,0,0,0,0
"260",260,"Martín Ernesto Rabuñal Rey","FC Juárez ",77,1.78,"Uruguayo",6,4,1,363,1,0
"261",261,"Omar Antonio Panuco Padilla","FC Juárez ",69,1.67,"Mexicano",0,0,0,0,0,0
"262",262,"Dario Lezcano Fariña","FC Juárez ",78,1.79,"Paraguayo",10,10,6,875,3,0
"263",263,"Leandro Carrijo Silva","FC Juárez ",83,1.82,"Brasileño",0,0,0,0,0,0
"264",264,"Ángelo Nicolás Sagal Tapia","FC Juárez ",78,1.78,"Chileno",10,6,1,526,1,0
"265",265,"Brian Alejandro Rubio Rodríguez","FC Juárez ",80,1.84,"Mexicano",6,0,1,50,1,0
"266",266,"Diego Alejandro Rolan Silva","FC Juárez ",69,1.78,"Uruguayo",7,6,4,528,2,0
"275",275,"Carlos Sebastián Sosa Silva","M. Morelia ",76.5,1.79,"Mexicano",6,6,0,540,0,0
"276",276,"Ricardo Daniel Gutiérrez Hernández","M. Morelia ",77.5,1.81,"Mexicano",0,0,0,0,0,0
"277",277,"Luis Ángel Malagón Velázquez","M. Morelia ",75,1.81,"Mexicano",4,4,0,360,1,0
"278",278,"Efraín Velarde Calvillo","M. Morelia ",72.7,1.74,"Mexicano",7,6,0,520,1,0
"279",279,"Paolo Medina Etienne","M. Morelia ",69,1.75,"Mexicano",2,1,0,104,0,0
"280",280,"Carlos Alonso Vargas Tenorio","M. Morelia ",68.5,1.78,"Mexicano",3,2,1,202,0,0
"281",281,"Sebastián Ignacio Vegas Orellana","M. Morelia ",80.9,1.82,"Chileno",9,9,0,807,2,1
"282",282,"Jose Enrique Ortiz Cortes","M. Morelia ",80,1.81,"Colombiano",7,6,1,455,2,1
"283",283,"Gonzalo Alejandro Jara Reyes","M. Morelia ",78,1.78,"Chileno",6,6,0,540,1,0
"284",284,"Andrés Didyer Catalán Guemes","M. Morelia ",63.4,1.66,"Mexicano",0,0,0,0,0,0
"285",285,"José Joaquín Martínez Valadez","M. Morelia ",70.2,1.77,"Mexicano",9,7,1,668,2,0
"286",286,"Gabriel Eduardo Achilier Zurita","M. Morelia ",85.6,1.81,"Ecuatoriano",3,3,1,270,0,0
"287",287,"Jesús Eduardo González Mendivil","M. Morelia ",59,1.8,"Mexicano",0,0,0,0,0,0
"288",288,"Mario Alejandro Trejo Castro","M. Morelia ",71.1,1.81,"Mexicano",0,0,0,0,0,0
"289",289,"Mario Humberto Osuna Pereznuñez","M. Morelia ",76.5,1.76,"Mexicano",6,3,0,239,0,0
"290",290,"Jorge Luis Valdivia Toro","M. Morelia ",72.4,1.74,"Chileno",3,3,0,270,1,0
"291",291,"Martín Vladimir Rodríguez Torrejón","M. Morelia ",64.5,1.7,"Chileno",10,9,3,771,2,0
"292",292,"Cándido Saúl Ramírez Montes","M. Morelia ",66.8,1.7,"Mexicano",6,4,0,340,1,0
"293",293,"Lucas Martin Villafañez ","M. Morelia ",66.8,1.7,"Argentino",7,2,1,286,1,0
"294",294,"Rodrigo Javier Millar Carvajal","M. Morelia ",76.8,1.82,"Mexicano",8,8,1,640,0,0
"295",295,"Luis Ángel Mendoza Escamilla","M. Morelia ",72,1.73,"Mexicano",8,8,0,645,1,0
"296",296,"Roberto Ismael Meráz Bernal","M. Morelia ",78.9,1.8,"Mexicano",1,0,0,13,0,0
"297",297,"Aldo Paúl Rocha González","M. Morelia ",69.7,1.67,"Mexicano",10,10,5,900,2,0
"298",298,"Eduardo Del Ángel Reséndiz","M. Morelia ",70.3,1.74,"Mexicano",0,0,0,0,0,0
"299",299,"César Saúl Huerta Valera","M. Morelia ",68.7,1.72,"Mexicano",6,1,0,165,1,1
"300",300,"Fernando Luis Aristeguieta De Luca","M. Morelia ",85,1.87,"Venezolano",10,6,2,647,2,0
"301",301,"Miguel Ángel Sansores Sánchez","M. Morelia ",74.5,1.75,"Mexicano",8,5,1,414,1,0
"312",312,"Jesús Iván Rodríguez Trujillo","Puebla F.C. ",85.9,1.86,"Mexicano",0,0,0,0,0,0
"313",313,"Santiago Noé Ramírez Acosta","Puebla F.C. ",79,1.8,"Mexicano",0,0,0,0,0,0
"314",314,"Nicolás Vikonis Moreau","Puebla F.C. ",86,1.84,"Uruguayo",10,10,0,900,1,0
"315",315,"Brayan Alexis Angulo León","Puebla F.C. ",77.2,1.75,"Colombiano",0,0,0,0,0,0
"316",316,"Luis Fernando Haquin López","Puebla F.C. ",78,1.9,"Boliviano",0,0,0,0,0,0
"317",317,"Daniel Arreola Argüello","Puebla F.C. ",74.6,1.78,"Mexicano",8,7,0,621,1,0
"318",318,"Diego Andrés Cruz Esparza","Puebla F.C. ",60,1.69,"Mexicano",0,0,0,0,0,0
"319",319,"Carlos Gerardo Rodríguez Serrano","Puebla F.C. ",78.5,1.81,"Mexicano",3,3,0,245,0,0
"320",320,"Alonso René Zamora Barrera","Puebla F.C. ",72.6,1.79,"Mexicano",0,0,0,0,0,0
"321",321,"Maximiliano Perg Schneider","Puebla F.C. ",81,1.85,"Uruguayo",10,10,0,900,2,0
"322",322,"Jesús Arturo Paganoni Peña","Puebla F.C. ",68,1.69,"Mexicano",3,3,0,195,0,0
"323",323,"Maximiliano Javier Araújo Vilches","Puebla F.C. ",74,1.76,"Uruguayo",1,0,0,19,0,0
"324",324,"Emanuel Gularte Méndez","Puebla F.C. ",83,1.89,"Uruguayo",0,0,0,0,0,0
"325",325,"Néstor Vicente Vidrio Serrano","Puebla F.C. ",77,1.82,"Mexicano",0,0,0,0,0,0
"326",326,"Alejandro Saúl Chumacero Bracamonte","Puebla F.C. ",63,1.64,"Boliviano",7,3,0,208,0,0
"327",327,"Javier Alván  Salas Salazar","Puebla F.C. ",73,1.83,"Mexicano",9,9,0,810,2,1
"328",328,"Pablo González Díaz","Puebla F.C. ",71.8,1.74,"Mexicano",8,6,0,563,1,1
"329",329,"Osvaldo David Martínez Arce","Puebla F.C. ",72,1.66,"Mexicano",10,8,1,683,2,0
"330",330,"Jorge Jonathan Espericueta Escamilla","Puebla F.C. ",73,1.78,"Mexicano",0,0,0,0,0,0
"331",331,"Jesús Eduardo Zavala Castañeda","Puebla F.C. ",87.5,1.9,"Mexicano",8,8,0,693,2,0
"332",332,"Christian Camilo Marrugo Rodríguez","Puebla F.C. ",74.8,1.75,"Colombiano",6,3,0,322,2,0
"333",333,"Jorge Alejandro Zárate Careaga","Puebla F.C. ",64,1.67,"Mexicano",1,0,0,19,0,0
"334",334,"Salvador Reyes Chávez","Puebla F.C. ",70,1.74,"Mexicano",8,7,0,629,1,0
"335",335,"Alan Jesús Acosta Montañez","Puebla F.C. ",73,1.78,"Mexicano",9,2,0,358,0,0
"336",336,"Ángel Zaldívar Caviedes","Puebla F.C. ",75,1.78,"Mexicano",9,8,2,701,0,0
"337",337,"Christian Alejandro Tabó Hornos","Puebla F.C. ",75,1.74,"Uruguayo",8,8,2,663,0,1
"338",338,"Cristian Matías Menéndez ","Puebla F.C. ",82.8,1.84,"Argentino",7,2,2,256,0,0
"339",339,"Santiago Gabriel Ormeño Zayas","Puebla F.C. ",82,1.86,"Mexicano",1,1,0,57,0,0
"340",340,"Eduardo Herrera Aguirre","Puebla F.C. ",87,1.88,"Mexicano",0,0,0,0,0,0
"341",341,"Diego Abella Calleja","Puebla F.C. ",75,1.82,"Mexicano",3,2,0,185,0,0
"342",342,"Omar Andrés Fernández Frasica","Puebla F.C. ",61,1.66,"Colombiano",10,9,0,779,0,0
"349",349,"Oscar Alfredo Ustari ","Pachuca ",76.8,1.84,"Argentino",5,5,0,450,0,0
"350",350,"Alfonso Blanco Antúnez","Pachuca ",88.2,1.82,"Mexicano",5,5,0,450,1,0
"351",351,"Carlos Agustín Moreno Luna","Pachuca ",80,1.87,"Mexicano",0,0,0,0,0,0
"352",352,"Denil Omar Maldonado Munguia","Pachuca ",78,1.84,"Hondureño",0,0,0,0,0,0
"353",353,"Miguel Ángel Tapias Dávila","Pachuca ",72.2,1.8,"Mexicano",6,6,0,540,0,0
"354",354,"Raúl López Gómez","Pachuca ",74.3,1.85,"Mexicano",6,5,0,458,1,0
"355",355,"Emmanuel García Vaca","Pachuca ",66.8,1.68,"Mexicano",0,0,0,0,0,0
"356",356,"Gustavo Daniel Cabral ","Pachuca ",76,1.84,"Argentino",10,10,0,900,2,0
"357",357,"Oscar Fabián Murillo Murillo","Pachuca ",82.5,1.84,"Colombiano",10,10,0,900,1,0
"358",358,"Kevin Nahin Álvarez Campos","Pachuca ",68.4,1.77,"Mexicano",5,5,0,422,1,0
"359",359,"Rubens Oscar Sambueza ","Pachuca ",74.5,1.73,"Mexicano",8,8,0,704,3,0
"360",360,"Cristian Souza España","Pachuca ",64.2,1.7,"Uruguayo",5,1,0,124,0,0
"361",361,"Erick Germain Aguirre Tafolla","Pachuca ",66.3,1.72,"Mexicano",10,10,1,882,1,0
"362",362,"Jorge Daniel Hernández Govea","Pachuca ",78.4,1.71,"Mexicano",10,10,0,892,4,0
"363",363,"Christian Alberto Cueva Bravo","Pachuca ",62,1.68,"Peruano",2,0,0,35,0,0
"364",364,"Francisco Antonio Figueroa Díaz","Pachuca ",55.1,1.72,"Mexicano",3,3,0,204,0,0
"365",365,"Pablo César López Martínez","Pachuca ",59.8,1.67,"Mexicano",0,0,0,0,0,0
"366",366,"Romario Andrés Ibarra Mina","Pachuca ",77,1.74,"Ecuatoriano",4,3,0,294,1,0
"367",367,"Luis Gerardo Chávez Magallón","Pachuca ",72,1.77,"Mexicano",9,7,1,521,1,1
"368",368,"Víctor Alejandro Dávila Zavala","Pachuca ",70,1.73,"Chileno",7,5,0,390,1,0
"369",369,"Colin Kazim Richards ","Pachuca ",96,1.87,"Inglés",9,7,2,561,4,0
"370",370,"Juan Manuel Iturbe Arévalos","Pachuca ",75,1.7,"Paraguayo",4,1,0,126,0,0
"371",371,"Franco Daniel Jara ","Pachuca ",76.9,1.8,"Argentino",10,8,7,710,2,0
"372",372,"Roberto Carlos de la Rosa González","Pachuca ",81.3,1.8,"Mexicano",4,0,0,100,0,0
"380",380,"Gil Esaul Alcalá Barba","Querétaro ",74.4,1.79,"Mexicano",10,10,0,900,0,0
"381",381,"Gerardo Daniel Ruíz Barragán","Querétaro ",77,1.9,"Mexicano",0,0,0,0,0,0
"382",382,"Benny Díaz Jáuregui","Querétaro ",83,1.87,"Mexicano",0,0,0,0,0,0
"383",383,"Julián Alberto Velázquez ","Querétaro ",80,1.84,"Argentino",10,10,0,885,3,1
"384",384,"Jair Pereira Rodríguez","Querétaro ",81,1.86,"Mexicano",0,0,0,0,0,0
"385",385,"Víctor Manuel Milke Almagro","Querétaro ",72,1.82,"Mexicano",0,0,0,0,0,0
"386",386,"Jorge Luis Aguilar Miranda","Querétaro ",77.5,1.83,"Paraguayo",8,7,1,634,0,0
"387",387,"Fabián Andrés Castillo Sánchez","Querétaro ",74,1.74,"Colombiano",10,10,2,818,2,0
"388",388,"Areli Betsiel Hernández Huerta","Querétaro ",72,1.73,"Mexicano",6,6,0,511,3,0
"389",389,"Idekel Alberto Domínguez Rodríguez","Querétaro ",70,1.75,"Mexicano",0,0,0,0,0,0
"390",390,"Alexis Rafael Pérez Fontanilla","Querétaro ",77,1.77,"Colombiano",0,0,0,0,0,0
"391",391,"Enrique López Fernández","Querétaro ",80,1.86,"Español",7,6,0,506,3,0
"392",392,"Michael Pérez Ortiz","Querétaro ",76,1.77,"Mexicano",4,1,0,122,1,0
"393",393,"Brian Eduardo Figueroa Flores","Querétaro ",72.9,1.77,"Mexicano",0,0,0,0,0,0
"394",394,"Clifford Aboagye ","Querétaro ",55,1.65,"Ghanés",10,10,1,891,2,0
"395",395,"Marcel Alejandro Ruiz Suárez","Querétaro ",68,1.8,"Mexicano",10,10,2,802,2,0
"396",396,"Jefferson Gabriel Orejuela Izquierdo","Querétaro ",75.4,1.79,"Ecuatoriano",4,3,0,233,2,0
"397",397,"Jonathan Suárez Cortes","Querétaro ",76,1.78,"Mexicano",4,1,0,146,0,0
"398",398,"Antonio Nava Cid","Querétaro ",92,1.69,"Mexicano",1,1,0,90,0,0
"399",399,"Jonathan Ezequiel Perlaza Leiva","Querétaro ",68.5,1.69,"Ecuatoriano",7,5,0,455,1,0
"400",400,"Omar Arellano Riverón","Querétaro ",72,1.78,"Mexicano",5,0,0,130,1,0
"401",401,"Jaime Gómez Valencia","Querétaro ",67,1.76,"Mexicano",10,10,1,900,1,0
"402",402,"Jordi Cortizo de la Piedra","Querétaro ",70,1.72,"Mexicano",5,0,0,124,0,0
"403",403,"Paolo Yrizar Martín del Campo","Querétaro ",78,1.84,"Mexicano",4,0,0,51,0,0
"404",404,"Jeison Steven Lucumí Mina","Querétaro ",75,1.78,"Colombiano",9,9,0,711,0,0
"405",405,"Ariel Gerardo Nahuelpan Osten","Querétaro ",92,1.88,"Mexicano",8,7,5,648,4,0
"406",406,"Enrique Luis Triverio ","Querétaro ",82,1.83,"Argentino",6,3,0,272,0,0
"415",415,"Carlos Felipe Rodríguez Rangel","Club Atlético de San Luis ",80,1.84,"Mexicano",10,10,0,900,0,0
"416",416,"Axel Wilfredo Werner ","Club Atlético de San Luis ",85,1.91,"Argentino",0,0,0,0,0,0
"417",417,"Roberto Alejandro Salcedo Reynoso","Club Atlético de San Luis ",79,1.83,"Mexicano",0,0,0,0,0,0
"418",418,"Juan Antonio Portales Villarreal","Club Atlético de San Luis ",76,1.82,"Mexicano",1,1,0,40,0,0
"419",419,"Matías Ezequiel Catalán ","Club Atlético de San Luis ",78,1.8,"Argentino",8,8,1,668,1,0
"420",420,"Pedro Mario Álvarez Abrante","Club Atlético de San Luis ",72,1.75,"Español",3,2,0,183,1,0
"421",421,"Luis Ricardo Reyes Moreno","Club Atlético de San Luis ",66,1.81,"Mexicano",10,10,1,900,0,0
"422",422,"Unai Bilbao Arteta","Club Atlético de San Luis ",87.5,1.92,"Español",1,1,0,90,1,0
"423",423,"Dionicio Manuel Escalante Moreno","Club Atlético de San Luis ",83,1.7,"Mexicano",9,9,0,810,0,0
"424",424,"Luis Fernando León Bermeo","Club Atlético de San Luis ",70,1.85,"Ecuatoriano",10,10,0,900,4,0
"425",425,"Mario Humberto de Luna Saucedo","Club Atlético de San Luis ",78,1.79,"Mexicano",1,0,0,5,0,0
"426",426,"Juan David Castro Ruíz","Club Atlético de San Luis ",69,1.65,"Mexicano",9,5,0,558,0,0
"427",427,"Luis Felipe Gallegos Leiva","Club Atlético de San Luis ",73,1.73,"Chileno",8,8,0,649,1,0
"428",428,"Fernando Madrigal González","Club Atlético de San Luis ",70.2,1.76,"Mexicano",0,0,0,0,0,0
"429",429,"Anderson Andrés Julio Santos","Club Atlético de San Luis ",70,1.71,"Ecuatoriano",8,4,0,326,1,0
"430",430,"Javier Cortés Granados","Club Atlético de San Luis ",62,1.71,"Mexicano",6,5,0,366,1,0
"431",431,"Carlos Gutiérrez Estefa","Club Atlético de San Luis ",73,1.77,"Mexicano",3,0,0,77,0,0
"432",432,"Jorge Alberto Sánchez López","Club Atlético de San Luis ",55,1.7,"Mexicano",5,0,0,69,0,0
"433",433,"Camilo Sebastián Mayada Mesa","Club Atlético de San Luis ",73,1.74,"Uruguayo",10,10,0,855,2,0
"434",434,"Oscar Uriel Macías Mora","Club Atlético de San Luis ",72,1.77,"Mexicano",4,1,0,100,1,0
"435",435,"Diego Hernández Jiménez","Club Atlético de San Luis ",77,1.77,"Mexicano",5,3,0,287,0,0
"436",436,"Germán Berterame ","Club Atlético de San Luis ",71,1.73,"Argentino",10,10,4,886,3,0
"437",437,"Nicolás Alejandro Ibáñez ","Club Atlético de San Luis ",76,1.78,"Argentino",10,10,5,900,0,0
"438",438,"Diego Iván Pineda Juárez","Club Atlético de San Luis ",77,1.78,"Mexicano",2,0,0,21,0,0
"439",439,"Ian González Nieto","Club Atlético de San Luis ",83,1.89,"Español",6,2,0,243,1,1
"446",446,"Hugo Alfonso González Durán","Necaxa ",82.8,1.83,"Mexicano",7,7,0,545,1,0
"447",447,"Yosgart Ernesto Gutiérrez Serna","Necaxa ",82,1.87,"Mexicano",3,2,0,265,1,0
"448",448,"José Alexis Doldán Aquino","Necaxa ",75,1.78,"Paraguayo",5,5,1,445,1,0
"449",449,"Carlos Alberto Guzmán Fonseca","Necaxa ",72.3,1.76,"Mexicano",0,0,0,0,0,0
"450",450,"Jairo Daniel González Fajardo","Necaxa ",74.9,1.69,"Mexicano",5,5,0,450,2,0
"451",451,"Raúl Martín Sandoval Zavala","Necaxa ",72,1.73,"Mexicano",5,5,0,450,0,0
"452",452,"Rodrigo Javier Noya García","Necaxa ",85.8,1.94,"Mexicano",8,8,1,706,2,0
"453",453,"Julio Cesar González Trinidad","Necaxa ",70,1.76,"Paraguayo",6,6,0,540,0,0
"454",454,"Ventura Alvarado Aispuro","Necaxa ",77.2,1.81,"Mexicano",5,5,0,450,2,0
"455",455,"Luis Ernesto Pérez Martínez","Necaxa ",77.8,1.75,"Mexicano",0,0,0,0,0,0
"456",456,"Fernando David Arce Juárez","Necaxa ",73,1.75,"Mexicano",6,6,0,531,1,0
"457",457,"Kevin Bryan Mercado Mina","Necaxa ",76,1.72,"Ecuatoriano",6,3,0,303,1,0
"458",458,"Jorge Francisco Lumbreras Romero","Necaxa ",72.5,1.79,"Mexicano",0,0,0,0,0,0
"459",459,"Yerko Bastián Leiva Lazo","Necaxa ",54,1.62,"Chileno",4,2,0,166,0,0
"460",460,"Ricardo Chávez Soto","Necaxa ",69,1.73,"Mexicano",8,8,0,719,2,0
"461",461,"Claudio Andres Baeza Baeza","Necaxa ",68,1.72,"Chileno",10,10,1,840,4,1
"462",462,"José Antonio Cobián Ruíz","Necaxa ",67,1.74,"Mexicano",2,1,0,96,0,0
"463",463,"Daniel Álvarez López","Necaxa ",74.3,1.76,"Mexicano",10,7,2,571,2,0
"464",464,"Mauro Daniel Quiroga ","Necaxa ",78,1.87,"Argentino",10,10,5,900,1,0
"465",465,"Maximiliano Nahuel Salas ","Necaxa ",71,1.72,"Argentino",9,4,1,430,0,0
"466",466,"Juan Antonio Delgado Baeza","Necaxa ",71,1.76,"Chileno",10,10,4,865,2,0
"467",467,"Luis Guillermo Madrigal Gutiérrez","Necaxa ",83,1.87,"Mexicano",7,0,0,134,0,0
"468",468,"Diego Chávez Collins","Necaxa ",73,1.75,"Mexicano",7,3,1,249,1,0
"469",469,"Ricardo Saúl Monreal Morales","Necaxa ",68,1.75,"Mexicano",0,0,0,0,0,0
"477",477,"Alfredo Talavera Díaz","Toluca ",82,1.88,"Mexicano",10,10,0,900,0,0
"478",478,"Ramón Pasquel Colin","Toluca ",76,1.81,"Mexicano",0,0,0,0,0,0
"479",479,"Luis Manuel García Palomera","Toluca ",90,1.83,"Mexicano",0,0,0,0,0,0
"480",480,"Omar Fernando Tobio ","Toluca ",83,1.86,"Argentino",0,0,0,0,0,0
"481",481,"Adrián Mora Barraza","Toluca ",80,1.9,"Mexicano",10,10,0,900,2,0
"482",482,"Jonatan Ramón Maidana ","Toluca ",80,1.85,"Argentino",6,6,0,540,1,0
"483",483,"Anibal Hernán Chala Ayovi","Toluca ",70,1.79,"Ecuatoriano",10,10,0,900,2,0
"484",484,"Diego Alejandro Rosales Islas","Toluca ",66,1.71,"Mexicano",0,0,0,0,0,0
"485",485,"Richard Ruíz Toledo","Toluca ",68,1.75,"Mexicano",4,0,0,28,0,0
"486",486,"Gastón Sauro ","Toluca ",75,1.81,"Argentino",1,0,0,19,0,0
"487",487,"Rodrigo Salinas Dorantes","Toluca ",74,1.79,"Mexicano",4,4,0,331,0,0
"488",488,"Luis Donaldo Hernández González","Toluca ",66,1.74,"Mexicano",10,10,1,900,2,0
"489",489,"Alan Medina Camacho","Toluca ",74.4,1.82,"Mexicano",0,0,0,0,0,0
"490",490,"William Fernando Da Silva ","Toluca ",72,1.75,"Mexicano",7,7,0,577,3,0
"491",491,"Diego Rigonato Rodrigues","Toluca ",76,1.75,"Brasileño",0,0,0,0,0,0
"492",492,"Federico Andrés Mancuello ","Toluca ",70,1.75,"Argentino",2,0,0,27,0,0
"493",493,"Antonio Ríos Martínez","Toluca ",74.9,1.72,"Mexicano",3,3,0,225,0,0
"494",494,"Javier Güemez López","Toluca ",70,1.74,"Mexicano",9,7,1,680,4,0
"495",495,"Edgar Felipe Pardo Castro","Toluca ",80,1.78,"Colombiano",10,9,0,784,0,0
"496",496,"Leonardo Cecilio Fernández López","Toluca ",62,1.7,"Uruguayo",10,10,8,805,2,0
"497",497,"Kevin Rafael Escamilla Moreno","Toluca ",78.6,1.79,"Mexicano",5,3,0,296,1,0
"498",498,"Emmanuel Gigliotti ","Toluca ",81,1.87,"Argentino",7,6,3,523,2,0
"499",499,"Michael Steveen Estrada Martínez","Toluca ",78,1.84,"Ecuatoriano",7,2,2,264,0,0
"500",500,"Carlos Ernesto Cisneros Barajas","Toluca ",73.5,1.75,"Mexicano",3,0,0,52,0,0
"501",501,"Pedro Alexis Canelo ","Toluca ",80,1.78,"Argentino",8,8,1,691,1,0
"516",516,"Carlos Alberto Higuera de los Ríos","Tijuana ",77,1.82,"Mexicano",1,1,0,90,0,0
"517",517,"Luis Ernesto Michel Vergara","Tijuana ",76,1.82,"Mexicano",0,0,0,0,0,0
"518",518,"Manuel Gibran Lajud Bojalil","Tijuana ",80,1.8,"Mexicano",9,9,0,810,0,0
"519",519,"Miguel Angel Barbieri ","Tijuana ",79,1.81,"Argentino",8,7,0,631,3,1
"520",520,"Jordan Jesús Silva Díaz","Tijuana ",70,1.89,"Mexicano",4,3,0,287,0,0
"521",521,"Leandro Martín González Pirez","Tijuana ",83,1.84,"Argentino",10,10,1,900,3,0
"522",522,"Vladimir Eduardo Loroña Aguilar","Tijuana ",75,1.8,"Mexicano",8,8,0,702,1,0
"523",523,"Omar Israel Mendoza Martín","Tijuana ",72,1.73,"Mexicano",4,3,0,282,0,0
"524",524,"Víctor Guadalupe Torres Chávez","Tijuana ",78,1.84,"Mexicano",0,0,0,0,0,0
"525",525,"Bryan Colula Alarcón","Tijuana ",70,1.72,"Mexicano",0,0,0,0,0,0
"526",526,"Víctor Andrés Guzmán Olmedo","Tijuana ",75,1.74,"Mexicano",0,0,0,0,0,0
"527",527,"Luis Armando Martínez Aguilar","Tijuana ",71,1.73,"Mexicano",0,0,0,0,0,0
"528",528,"Kevin Alexander Balanta Lucumi","Tijuana ",73,1.81,"Colombiano",4,3,0,187,0,0
"529",529,"José Ignacio Rivero Segade","Tijuana ",60,1.66,"Uruguayo",10,10,1,900,1,0
"530",530,"Christian Hernando Rivera Cuellar","Tijuana ",76,1.85,"Colombiano",10,7,0,773,1,0
"531",531,"Alexis Castro ","Tijuana ",73,1.83,"Argentino",6,3,2,293,1,0
"532",532,"Aldo Jafid Cruz Sánchez","Tijuana ",62,1.73,"Mexicano",9,9,0,796,0,1
"533",533,"Mauro Alberto Lainez Leyva","Tijuana ",66,1.71,"Mexicano",9,9,2,676,2,1
"534",534,"Luis Javier Gamíz Ávila","Tijuana ",68,1.72,"Mexicano",0,0,0,0,0,0
"535",535,"Jared Isaí Romero Elías","Tijuana ",71,1.73,"Mexicano",0,0,0,0,0,0
"536",536,"Edgar Iván López Rodríguez","Tijuana ",68,1.8,"Mexicano",0,0,0,0,0,0
"537",537,"Alfonso Emilio Sánchez Castillo","Tijuana ",76,1.85,"Mexicano",6,4,0,317,0,0
"538",538,"Camilo Da Silva Sanvezzo","Tijuana ",72,1.69,"Mexicano",7,7,2,505,0,0
"539",539,"Ángel Baltazar Sepúlveda Sánchez","Tijuana ",79,1.81,"Mexicano",6,2,0,168,0,0
"540",540,"Miler Alejandro Bolaños Reascos","Tijuana ",65,1.72,"Ecuatoriano",9,8,0,757,3,0
"541",541,"Bryan Dennys Angulo Tenorio","Tijuana ",70,1.83,"Ecuatoriano",6,3,1,304,0,0
"542",542,"Edwin Andrés Cardona Bedoya","Tijuana ",92,1.83,"Colombiano",4,1,0,156,2,0
"543",543,"Erick Estéfano Torres Padilla","Tijuana ",78,1.83,"Mexicano",7,1,1,171,0,0
"544",544,"Cesar Alejandro Falletti Dos Santos","Tijuana ",78,1.73,"Uruguayo",2,2,0,104,0,0
"545",545,"Daniel Guadalupe López Valdéz","Tijuana ",66,1.79,"Mexicano",0,0,0,0,0,0
"554",554,"José Santiago Hernández García","Atlas ",80,1.82,"Mexicano",0,0,0,0,0,0
"555",555,"Camilo Andrés Vargas Gil","Atlas ",82,1.87,"Colombiano",10,10,0,900,1,0
"556",556,"Edgar Adolfo Hernández Téllez","Atlas ",84,1.87,"Mexicano",0,0,0,0,0,0
"557",557,"Hugo Martín Nervo ","Atlas ",80,1.8,"Argentino",9,9,0,757,1,1
"558",558,"Ismael Govea Solorzano","Atlas ",75,1.78,"Mexicano",9,9,0,792,2,0
"559",559,"José Javier Abella Fanjul","Atlas ",73,1.75,"Mexicano",8,7,1,590,0,1
"560",560,"Anderson Santamaría Bardales","Atlas ",79,1.84,"Peruano",0,0,0,0,0,0
"561",561,"Brayton Josué Vázquez Vélez","Atlas ",78,1.81,"Mexicano",2,1,0,135,0,0
"562",562,"Diego Armando Barbosa Zaragoza","Atlas ",70,1.73,"Mexicano",3,3,1,270,1,0
"563",563,"Jesús Alberto Angulo Uriarte","Atlas ",75,1.78,"Mexicano",0,0,0,0,0,0
"564",564,"Germán Andrés Conti ","Atlas ",75,1.83,"Argentino",7,7,0,630,1,0
"565",565,"Edgar Zaldivar Valverde","Atlas ",75,1.72,"Mexicano",5,3,0,340,0,0
"566",566,"Ían Jairo Misael Torres Ramírez","Atlas ",67,1.7,"Mexicano",6,4,0,360,0,1
"567",567,"Ulíses Israel Cardona Carrillo","Atlas ",70,1.78,"Mexicano",6,6,0,462,0,0
"568",568,"Daniel Aguilar Muñoz","Atlas ",76,1.75,"Mexicano",0,0,0,0,0,0
"569",569,"Mauricio Andrés Cuero Castillo","Atlas ",83,1.78,"Colombiano",5,2,2,239,1,0
"570",570,"Faberth Manuel Balda Rodríguez","Atlas ",70,1.78,"Ecuatoriano",1,1,0,45,0,0
"571",571,"Lorenzo Enrique Reyes Vicencio","Atlas ",70,1.7,"Chileno",7,7,0,567,1,0
"572",572,"Jesús Antonio Isijara Rodríguez","Atlas ",78,1.79,"Mexicano",9,5,0,504,0,0
"573",573,"Ignacio Alejandro Jeraldino Jil","Atlas ",77,1.8,"Chileno",9,9,2,772,4,0
"574",574,"Luciano Federico Acosta ","Atlas ",60,1.7,"Argentino",10,10,1,807,3,0
"575",575,"Edson Ulíses Rivera Vargas","Atlas ",78,1.8,"Mexicano",6,2,0,185,0,0
"576",576,"Marcelo Javier Correa ","Atlas ",80,1.8,"Argentino",8,4,2,436,3,0
"585",585,"Marcelo Alberto Barovero ","Monterrey ",72.5,1.82,"Argentino",10,10,0,900,1,0
"586",586,"Luis Alberto Cárdenas López","Monterrey ",84.1,1.83,"Mexicano",0,0,0,0,0,0
"587",587,"Edson Alan Reséndez Sánchez","Monterrey ",82.3,1.81,"Mexicano",0,0,0,0,0,0
"588",588,"César Jasib Montes Castro","Monterrey ",70,1.91,"Mexicano",8,7,0,653,1,0
"589",589,"Nicolás Gabriel Sánchez ","Monterrey ",74,1.82,"Argentino",9,9,2,764,3,1
"590",590,"Edson Antonio Gutiérrez Moreno","Monterrey ",67,1.76,"Mexicano",2,1,0,103,0,0
"591",591,"Leonel Jesús Vangioni ","Monterrey ",68,1.78,"Argentino",4,4,0,283,0,0
"592",592,"José María Basanta ","Monterrey ",78.3,1.88,"Mexicano",4,4,0,331,1,0
"593",593,"Jesús Daniel Gallardo Vasconcelos","Monterrey ",73,1.76,"Mexicano",8,8,3,720,3,0
"594",594,"Miguel Arturo Layún Prado","Monterrey ",71,1.78,"Mexicano",10,7,1,667,0,0
"595",595,"John Stefan Medina Ramírez","Monterrey ",72,1.8,"Colombiano",10,10,0,900,1,0
"596",596,"Claudio Matías Kranevitter ","Monterrey ",67,1.78,"Argentino",3,3,0,260,0,0
"597",597,"Celso Fabián Ortíz Gamarra","Monterrey ",74.5,1.74,"Paraguayo",9,8,0,734,1,0
"598",598,"Arturo Alfonso González González","Monterrey ",79.2,1.75,"Mexicano",6,0,0,108,1,0
"599",599,"Jonathan Alexander González Mendoza","Monterrey ",62,1.75,"Mexicano",4,1,0,130,0,0
"600",600,"Carlos Alberto Rodríguez Gómez","Monterrey ",66,1.76,"Mexicano",9,9,0,720,2,0
"601",601,"Maximiliano Eduardo Meza ","Monterrey ",80,1.81,"Argentino",7,5,0,445,2,0
"602",602,"William Hudson Silva De Almeida","Monterrey ",76,1.78,"Mexicano",0,0,0,0,0,0
"603",603,"Eric David Cantú Guerrero","Monterrey ",72.4,1.78,"Mexicano",0,0,0,0,0,0
"604",604,"Rogelio Gabriel Funes Mori ","Monterrey ",78.8,1.86,"Argentino",9,9,2,810,5,0
"605",605,"Dorlan Mauricio Pabón Ríos","Monterrey ",74.4,1.7,"Colombiano",9,7,0,528,2,0
"606",606,"Vincent Petrus Anna Sebastiaan Janssen ","Monterrey ",79,1.84,"Neerlandés",6,2,0,294,1,0
"607",607,"Ake Arnaud Loba ","Monterrey ",72,1.79,"Costamarfileño",3,2,1,119,0,0
