"","Nombre","Equipo & Posicion","Peso","Altura","Nacionalidad","Juegos Jugados","Juegos Titular","Goles","Autogoles","Minutos Jugados","Tarjetas Amarillas","Tarjetas Rojas"
"1","José de Jesús Corona Rodríguez","Portero en Cruz Azul (LIGA MX)","84 kg","1.84","Mexicano","10","10",NA,"0","900","2",NA
"2","Guillermo Allison Revuelta","Portero en Cruz Azul (LIGA MX) para Apertura 2018 - Clausura 2021","92 kg","1.92","Mexicano",NA,NA,NA,"0",NA,NA,NA
"3","Andrés Guillermo Gudiño Portillo","Portero en Cruz Azul (LIGA MX) para Apertura 2019 - Clausura 2022","86 kg","1.83","Mexicano",NA,NA,NA,"0",NA,NA,NA
"4","Sebastián Jurado Roca","Portero en Cruz Azul (LIGA MX) para Clausura 2020 - Apertura 2022","83 kg","1.88","Mexicano",NA,NA,NA,"0",NA,NA,NA
"5","Jaiber Jiménez Ramírez","Defensa Lateral en Cruz Azul (LIGA MX) para Apertura 2019 - Clausura 2022","73 kg","1.73","Mexicano","2",NA,NA,"0","46",NA,NA
"6","Julio César Domínguez Juárez","Defensa en Cruz Azul (LIGA MX)","70 kg","1.75","Mexicano","10","10","1","0","899","1",NA
"7","Igor Lichnovsky Osorio","Defensa Central en Cruz Azul (LIGA MX) para Apertura 2018 - Clausura 2021","72 kg","1.86","Chileno","4","3",NA,"0","261","1",NA
"8","Luis Francisco Romo Barrón","Defensa Central en Cruz Azul (LIGA MX) para Clausura 2020 - Apertura 2022","84 kg","1.82","Mexicano","9","9","2","0","810","1",NA
"9","Adrián Alexei Aldrete Rodríguez","Defensa Lateral en Cruz Azul (LIGA MX) para Apertura 2018 - Clausura 2021","75 kg","1.77","Mexicano","9","9","2","0","810","1",NA
"10","Pablo César Aguilar Benítez","Defensa Central en Cruz Azul (LIGA MX) para Apertura 2018 - Clausura 2021","78 kg","1.78","Mexicano","6","6",NA,"0","540","2",NA
"11","Juan Marcelo Escobar Chena","Defensa Central en Cruz Azul (LIGA MX) para Apertura 2019 - Clausura 2022","76 kg","1.77","Paraguayo","8","7","1","0","664","1",NA
"12","Pablo Daniel Ceppelini Gatto","Medio Ofensivo en Cruz Azul (LIGA MX) para Clausura 2020 - Apertura 2022","72 kg","1.8","Uruguayo","5","1",NA,"0","111",NA,"1"
"13","Alex Stik Castro Giraldo","Medio Ofensivo en Cruz Azul (LIGA MX) para Clausura 2020 - Apertura 2022","70 kg","1.7","Colombiano","5","1",NA,"0","159",NA,NA
"14","Elías Hernán Hernández Jacuinde","Medio Ofensivo en Cruz Azul (LIGA MX) para Apertura 2018 - Clausura 2021","70 kg","1.71","Mexicano","10","10","4","0","878",NA,NA
"15","Josué Misael Domínguez González","Medio en Cruz Azul (LIGA MX)","53 kg","1.59","Mexicano","2",NA,NA,"0","19",NA,NA
"16","Víctor Yoshimar Yotun Flores","Medio Ofensivo en Cruz Azul (LIGA MX) para Clausura 2019 - Apertura 2021","68 kg","1.73","Peruano","3","2",NA,"0","182",NA,NA
"17","Alexis Hazael Gutiérrez Torres","Medio Ofensivo en Cruz Azul (LIGA MX) para Clausura 2019 - Apertura 2022","74 kg","1.73","Mexicano","1","1",NA,"0","63",NA,NA
"18","Rafael Baca Miranda","Medio Defensivo en Cruz Azul (LIGA MX) para Apertura 2018 - Apertura 2020","66 kg","1.73","Mexicano","10","10",NA,"0","869","4",NA
"19","Roberto Carlos Alvarado Hernández","Medio Ofensivo en Cruz Azul (LIGA MX) para Apertura 2018 - Clausura 2022","70 kg","1.76","Mexicano","10","10","2","0","774","1",NA
"20","Orbelín Pineda Alvarado","Medio Ofensivo en Cruz Azul (LIGA MX) para Clausura 2019 - Apertura 2021","63.3 kg","1.69","Mexicano","8","4","1","0","353",NA,"1"
"21","Jonathan Darwin Borja Colorado","Delantero en Cruz Azul (LIGA MX) para Clausura 2020 - Apertura 2020","70 kg","1.78","Ecuatoriano","1",NA,NA,"0","13",NA,NA
"22","Milton Joel Caraglio ","Delantero en Cruz Azul (LIGA MX) para Apertura 2018 - Clausura 2021","92 kg","1.87","Argentino",NA,NA,NA,"0",NA,NA,NA
"23","Lucas Giuliano Passerini ","Delantero en Cruz Azul (LIGA MX) para Clausura 2020 - Apertura 2022","81 kg","1.89","Argentino","4",NA,NA,"0","33",NA,NA
"24","Jonathan Javier Rodríguez Portillo","Delantero en Cruz Azul (LIGA MX) para Clausura 2019 - Apertura 2022","79 kg","1.77","Uruguayo","10","10","9","0","861","1",NA
"25","Santiago Tomás Giménez ","Delantero en Cruz Azul (LIGA MX) para Clausura 2019 - Clausura 2021","69 kg","1.82","Mexicano","9","7","2","0","537","1",NA
"26",NA,NA,NA,NA,NA,NA,NA,NA,NA,NA,NA,NA
"27",NA,NA,NA,NA,NA,NA,NA,NA,NA,NA,NA,NA
"28",NA,NA,NA,NA,NA,NA,NA,NA,NA,NA,NA,NA
"29",NA,NA,NA,NA,NA,NA,NA,NA,NA,NA,NA,NA
"30",NA,NA,NA,NA,NA,NA,NA,NA,NA,NA,NA,NA
"31",NA,NA,NA,NA,NA,NA,NA,NA,NA,NA,NA,NA
"32",NA,NA,NA,NA,NA,NA,NA,NA,NA,NA,NA,NA
"33",NA,NA,NA,NA,NA,NA,NA,NA,NA,NA,NA,NA
"34","Guillermo Pozos Guevara","Portero en León (LIGA MX) para Apertura 2019 - Clausura 2020","76 kg","1.8","Mexicano",NA,NA,NA,"0",NA,NA,NA
"35","Rodolfo Cota Robles","Portero en León (LIGA MX) para Apertura 2018 - Clausura 2022","85.8 kg","1.83","Mexicano","10","10",NA,"0","900","2",NA
"36","Sebastián Andrés Fassi Álvarez","Portero en León (LIGA MX) para Clausura 2020 - Apertura 2020","80 kg","1.86","Mexicano",NA,NA,NA,"0",NA,NA,NA
"37","Gil Giovanni Burón Morales","Defensa Lateral en León (LIGA MX) para Clausura 2020 - Apertura 2020","67 kg","1.68","Mexicano","4","3",NA,"0","271",NA,NA
"38","Fernando Navarro Morán","Defensa en León (LIGA MX) para Apertura 2019 - Clausura 2020","64.5 kg","1.68","Mexicano","8","8","1","0","674",NA,NA
"39","William José Tesillo Gutiérrez","Defensa en León (LIGA MX) para Apertura 2018 - Clausura 2021","62 kg","1.66","Colombiano","9","9","1","0","810",NA,NA
"40","Miguel Ángel Herrera Equihua","Defensa en León (LIGA MX)","81 kg","1.83","Mexicano","3","2",NA,"0","189",NA,NA
"41","Ramiro Gabriel González Hernández","Defensa Central en León (LIGA MX) para Clausura 2019 - Apertura 2021","79 kg","1.82","Argentino","2","2",NA,"0","180",NA,NA
"42","Osvaldo Rodríguez del Portal","Defensa Lateral en León (LIGA MX) para Apertura 2018 - Clausura 2022","74.5 kg","1.75","Mexicano","5","2",NA,"0","261","2",NA
"43","Jaine Stiven Barreiro Solis","Defensa en León (LIGA MX) para Clausura 2020 - Clausura 2021","80 kg","1.89","Colombiano","8","8",NA,"0","720","3",NA
"44","Juan Ignacio González Ibarra","Defensa Central en León (LIGA MX)","83.6 kg","1.88","Mexicano","2","2",NA,"0","141","1",NA
"45","Luis Arturo Montes Jiménez","Medio Ofensivo en León (LIGA MX) para Apertura 2018 - Clausura 2021","67.9 kg","1.66","Mexicano","9","8","2","0","714",NA,NA
"46","Yairo Yesid Moreno Berrio","Medio en León (LIGA MX) para Apertura 2018 - Clausura 2021","70 kg","1.77","Colombiano","7","7",NA,"0","566","1",NA
"47","José Iván Rodríguez Rebollar","Medio Defensivo en León (LIGA MX) para Apertura 2018 - Clausura 2021","60.9 kg","1.71","Mexicano","3","1",NA,"0","95",NA,NA
"48","Ángel Israel Mena Delgado","Medio Ofensivo en León (LIGA MX) para Clausura 2019 - Apertura 2021","71 kg","1.68","Ecuatoriano","10","10","8","0","870","4",NA
"49","Jean David Meneses Villarroel","Medio en León (LIGA MX) para Apertura 2019 - Clausura 2021","65.1 kg","1.63","Chileno","10","10","4","0","863",NA,NA
"50","Pedro Jesús Aquino Sánchez","Medio en León (LIGA MX) para Apertura 2018 - Clausura 2021","71 kg","1.75","Peruano","9","8",NA,"0","710","3","1"
"51","Jown Anderson Cardona Agudelo","Medio en León (LIGA MX) para Apertura 2019 - Clausura 2020","65 kg","1.69","Colombiano","1",NA,NA,"0","9",NA,NA
"52","Víctor Ismael Sosa ","Delantero en León (LIGA MX) para Clausura 2020","75 kg","1.79","Argentino","9","7","2","0","589",NA,NA
"53","Joel Nathaniel Campbell Samuels","Delantero en León (LIGA MX) para Clausura 2019 - Clausura 2020","78 kg","1.78","Costarricense","7","1","1","0","241",NA,NA
"54","Leonardo Javier Ramos ","Delantero en León (LIGA MX) para Apertura 2019 - Clausura 2022","84.1 kg","1.85","Argentino","8","8","3","0","613",NA,NA
"55","José de Jesús Godínez Navarro","Delantero en León (LIGA MX) para Apertura 2019 - Clausura 2021","79 kg","1.83","Mexicano","4",NA,NA,"0","88",NA,NA
"56","Iván Fernando Ochoa Chávez","Delantero en León (LIGA MX) para Clausura 2020 - Apertura 2020","76 kg","1.78","Mexicano",NA,NA,NA,"0",NA,NA,NA
"57","Nicolás Sosa Sánchez","Delantero en León (LIGA MX) para Clausura 2020 - Apertura 2023","66.03 kg","1.77","Uruguayo","2",NA,NA,"0","10",NA,NA
"58",NA,NA,NA,NA,NA,NA,NA,NA,NA,NA,NA,NA
"59",NA,NA,NA,NA,NA,NA,NA,NA,NA,NA,NA,NA
"60",NA,NA,NA,NA,NA,NA,NA,NA,NA,NA,NA,NA
"61",NA,NA,NA,NA,NA,NA,NA,NA,NA,NA,NA,NA
"62",NA,NA,NA,NA,NA,NA,NA,NA,NA,NA,NA,NA
"63",NA,NA,NA,NA,NA,NA,NA,NA,NA,NA,NA,NA
"64",NA,NA,NA,NA,NA,NA,NA,NA,NA,NA,NA,NA
"65",NA,NA,NA,NA,NA,NA,NA,NA,NA,NA,NA,NA
"66","Jonathan Emmanuel Orozco Domínguez","Portero en Santos Laguna (LIGA MX) para Apertura 2018 - Apertura 2021","81 kg","1.84","Mexicano","10","10",NA,"0","900",NA,NA
"67","Carlos Acevedo López","Portero en Santos Laguna (LIGA MX) para Apertura 2018 - Clausura 2022","74 kg","1.84","Mexicano",NA,NA,NA,"0",NA,NA,NA
"68","Josecarlos Van Rankin Galland","Defensa Lateral en Santos Laguna (LIGA MX) para Clausura 2020 - Apertura 2020","73 kg","1.78","Mexicano","10","10",NA,"0","893","2",NA
"69","Félix Eduardo Torres Caicedo","Defensa Central en Santos Laguna (LIGA MX) para Apertura 2019 - Clausura 2023","77 kg","1.87","Ecuatoriano","6","6",NA,NA,"540","2",NA
"70","Gerardo Daniel Arteaga Zamora","Defensa Lateral en Santos Laguna (LIGA MX) para Apertura 2018 - Clausura 2023","64 kg","1.74","Mexicano","10","10",NA,"0","900","2",NA
"71","Hugo Isaác Rodríguez de la O","Defensa Central en Santos Laguna (LIGA MX) para Clausura 2019 - Apertura 2021","80 kg","1.83","Mexicano","6","6","1","0","538","2","1"
"72","Matheus Doria Macedo","Defensa en Santos Laguna (LIGA MX) para Apertura 2018 - Clausura 2022","82 kg","1.88","Brasileño","8","8","1","0","653","1",NA
"73","Alan Jhosué Cervantes Martín del Campo","Medio en Santos Laguna (LIGA MX) para Clausura 2020 - Apertura 2022","68.6 kg","1.81","Mexicano","3",NA,NA,"0","19",NA,NA
"74","Brayan Eduardo Garnica Cortés","Medio Ofensivo en Santos Laguna (LIGA MX) para Clausura 2019 - Apertura 2022","60 kg","1.67","Mexicano",NA,NA,NA,"0",NA,NA,NA
"75","Carlos Emilio Orrantia Treviño","Medio en Santos Laguna (LIGA MX) para Apertura 2018 - Apertura 2021","63 kg","1.76","Mexicano","6","5",NA,"0","414",NA,NA
"76","Diego Alfonso Valdés Contreras","Medio en Santos Laguna (LIGA MX) para Clausura 2019 - Apertura 2022","75 kg","1.79","Chileno","10","3","1","0","452","1",NA
"77","Fernando Gorriarán Fontes","Medio en Santos Laguna (LIGA MX) para Apertura 2019 - Clausura 2023","68 kg","1.68","Uruguayo","10","10",NA,"0","900","3",NA
"78","David Alfredo Andrade Gómez","Medio en Santos Laguna (LIGA MX) para Apertura 2019 - Clausura 2021","64 kg","1.68","Mexicano",NA,NA,NA,"0",NA,NA,NA
"79","Brian Avelino Lozano Aparicio","Medio Ofensivo en Santos Laguna (LIGA MX) para Apertura 2018 - Apertura 2022","67 kg","1.67","Uruguayo","10","10","3","0","900","4",NA
"80","Ulíses Rivas Gilio","Medio en Santos Laguna (LIGA MX) para Apertura 2018 - Clausura 2022","72 kg","1.76","Mexicano","10","10",NA,"0","830","2",NA
"81","Julio César Furch ","Delantero en Santos Laguna (LIGA MX) para Apertura 2018 - Clausura 2022","88 kg","1.88","Argentino","10","10","3","0","818","2",NA
"82","Eryc Leonel Castillo Arroyo","Delantero en Santos Laguna (LIGA MX) para Apertura 2019 - Clausura 2020","77 kg","1.74","Ecuatoriano","8","5",NA,"0","464",NA,NA
"83","Eduar Ayrton Preciado García","Delantero en Santos Laguna (LIGA MX) para Apertura 2018 - Clausura 2022","72 kg","1.81","Ecuatoriano","2",NA,NA,"0","16",NA,NA
"84","Eduardo Daniel Aguirre Lara","Delantero en Santos Laguna (LIGA MX) para Clausura 2019 - Apertura 2021","75 kg","1.76","Mexicano","9","7","3","0","490",NA,NA
"85","Raúl Octavio Rivero Falero","Delantero en Santos Laguna (LIGA MX) para Apertura 2019 - Clausura 2020","84 kg","1.85","Uruguayo","7",NA,"1","0","104",NA,NA
"86",NA,NA,NA,NA,NA,NA,NA,NA,NA,NA,NA,NA
"87",NA,NA,NA,NA,NA,NA,NA,NA,NA,NA,NA,NA
"88",NA,NA,NA,NA,NA,NA,NA,NA,NA,NA,NA,NA
"89",NA,NA,NA,NA,NA,NA,NA,NA,NA,NA,NA,NA
"90",NA,NA,NA,NA,NA,NA,NA,NA,NA,NA,NA,NA
"91",NA,NA,NA,NA,NA,NA,NA,NA,NA,NA,NA,NA
"92",NA,NA,NA,NA,NA,NA,NA,NA,NA,NA,NA,NA
"93",NA,NA,NA,NA,NA,NA,NA,NA,NA,NA,NA,NA
"94",NA,NA,NA,NA,NA,NA,NA,NA,NA,NA,NA,NA
"95","Francisco Guillermo Ochoa Magaña","Portero en América (LIGA MX) para Apertura 2019 - Apertura 2022","85 kg","1.9","Mexicano","10","10",NA,"0","900",NA,NA
"96","Oscar Francisco Jiménez Fabela","Portero en América (LIGA MX) para Clausura 2019 - Apertura 2022","77.8 kg","1.82","Mexicano",NA,NA,NA,"0",NA,NA,NA
"97","Luis Fernando Fuentes Vargas","Defensa en América (LIGA MX) para Clausura 2020","70 kg","1.76","Mexicano","9","8","2","0","785","1",NA
"98","Jorge Eduardo Sánchez Ramos","Defensa Lateral en América (LIGA MX) para Apertura 2018 - Clausura 2021","71 kg","1.75","Mexicano","4","4",NA,"0","272",NA,"1"
"99","Sebastián Enzo Cáceres Ramos","Defensa en América (LIGA MX) para Clausura 2020 - Apertura 2024","76.6 kg","1.8","Uruguayo","1",NA,NA,"0","38",NA,NA
"100","Jesús Alonso Escoboza Lugo","Defensa en América (LIGA MX) para Clausura 2020 - Apertura 2022","68 kg","1.71","Mexicano","6","3",NA,"0","253",NA,NA
"101","Bruno Amilcar Valdez Rojas","Defensa Central en América (LIGA MX) para Apertura 2018 - Clausura 2023","78 kg","1.79","Paraguayo","8","8","1","0","645","1","1"
"102","Víctor Emanuel Aguilera ","Defensa Central en América (LIGA MX) para Clausura 2019 - Apertura 2020","87.8 kg","1.87","Argentino","10","10",NA,"0","900","1",NA
"103","Paul Nicolás Aguilar Rojas","Defensa Lateral en América (LIGA MX) para Apertura 2018 - Apertura 2020","67 kg","1.8","Mexicano","10","10",NA,"0","897","4",NA
"104","Oscar Haret Ortega  Gatica","Defensa Central en América (LIGA MX) para Apertura 2019 - Clausura 2021","80 kg","1.9","Mexicano","3","2",NA,"0","182",NA,NA
"105","Santiago Cáseres ","Medio en América (LIGA MX) para Clausura 2020 - Apertura 2020","84 kg","1.8","Argentino","5","2",NA,"0","197",NA,"1"
"106","Leonardo Gabriel Suárez ","Medio en América (LIGA MX) para Clausura 2020 - Apertura 2024","63 kg","1.63","Argentino","9","5","1","0","453","2",NA
"107","Andrés Felipe Ibargüen García","Medio Ofensivo en América (LIGA MX) para Clausura 2019 - Apertura 2021","70 kg","1.75","Colombiano","8","5","2","0","389",NA,NA
"108","Nicolás Benedetti Roa","Medio Ofensivo en América (LIGA MX) para Clausura 2019 - Apertura 2023","73 kg","1.77","Colombiano",NA,NA,NA,"0",NA,NA,NA
"109","Francisco Sebastián Córdova Reyes","Medio en América (LIGA MX) para Clausura 2019 - Clausura 2022","65.8 kg","1.74","Mexicano","7","6",NA,"0","531",NA,NA
"110","Richard Rafael Sánchez Guerrero","Medio en América (LIGA MX) para Apertura 2019 - Clausura 2024","70 kg","1.7","Paraguayo","10","10",NA,"0","893",NA,NA
"111","Antonio de Jesús López Amenábar","Medio Ofensivo en América (LIGA MX) para Apertura 2018 - Clausura 2021","66 kg","1.72","Mexicano","2",NA,NA,"0","5",NA,NA
"112","Fernando Rubén González Pineda","Medio Defensivo en América (LIGA MX) para Apertura 2019 - Clausura 2022","70 kg","1.7","Mexicano","9","7",NA,"0","633","2",NA
"113","Alex Renato Ibarra Mina","Medio Ofensivo en América (LIGA MX) para Apertura 2018 - Clausura 2023","75 kg","1.72","Ecuatoriano",NA,NA,NA,"0",NA,NA,NA
"114","Miguel Leyva Río De La Loza","Medio en América (LIGA MX) para Clausura 2020","70 kg","1.7","Mexicano",NA,NA,NA,"0",NA,NA,NA
"115","Roger Beyker Martínez Tobinson","Delantero en América (LIGA MX) para Apertura 2018 - Clausura 2023","86 kg","1.8","Colombiano","2",NA,NA,"0","40",NA,NA
"116","Giovani Dos Santos Ramírez","Delantero en América (LIGA MX) para Apertura 2019 - Clausura 2021","75 kg","1.75","Mexicano","8","7",NA,"0","569","1",NA
"117","Nicolás Ignacio Castillo Mora","Delantero en América (LIGA MX) para Clausura 2019 - Apertura 2022","81 kg","1.79","Chileno","1",NA,NA,"0","15",NA,NA
"118","Henry Josué Martín Mex","Delantero en América (LIGA MX) para Apertura 2019 - Apertura 2021","73.3 kg","1.77","Mexicano","8","7","2","0","617","1",NA
"119","Federico Sebastián Viñas Barboza","Delantero en América (LIGA MX) para Apertura 2019 - Clausura 2020","80 kg","1.8","Uruguayo","5","4","3","0","332","1",NA
"120",NA,NA,NA,NA,NA,NA,NA,NA,NA,NA,NA,NA
"121",NA,NA,NA,NA,NA,NA,NA,NA,NA,NA,NA,NA
"122",NA,NA,NA,NA,NA,NA,NA,NA,NA,NA,NA,NA
"123",NA,NA,NA,NA,NA,NA,NA,NA,NA,NA,NA,NA
"124",NA,NA,NA,NA,NA,NA,NA,NA,NA,NA,NA,NA
"125",NA,NA,NA,NA,NA,NA,NA,NA,NA,NA,NA,NA
"126",NA,NA,NA,NA,NA,NA,NA,NA,NA,NA,NA,NA
"127",NA,NA,NA,NA,NA,NA,NA,NA,NA,NA,NA,NA
"128",NA,NA,NA,NA,NA,NA,NA,NA,NA,NA,NA,NA
"129",NA,NA,NA,NA,NA,NA,NA,NA,NA,NA,NA,NA
"130",NA,NA,NA,NA,NA,NA,NA,NA,NA,NA,NA,NA
"131",NA,NA,NA,NA,NA,NA,NA,NA,NA,NA,NA,NA
"132",NA,NA,NA,NA,NA,NA,NA,NA,NA,NA,NA,NA
"133",NA,NA,NA,NA,NA,NA,NA,NA,NA,NA,NA,NA
"134",NA,NA,NA,NA,NA,NA,NA,NA,NA,NA,NA,NA
"135","Raúl Manolo Gudiño Vega","Portero en Guadalajara (LIGA MX) para Apertura 2018 - Clausura 2021","91.9 kg","1.96","Mexicano",NA,NA,NA,"0",NA,NA,NA
"136","José Antonio Rodríguez Romero","Portero en Guadalajara (LIGA MX) para Apertura 2019 - Clausura 2023","86 kg","1.86","Mexicano","10","10",NA,"0","900","1",NA
"137","Antonio Ignacio Torres Carrillo","Portero en Guadalajara (LIGA MX)","83 kg","1.89","Mexicano",NA,NA,NA,"0",NA,NA,NA
"138","Cristian Yonathan Calderón Del Real","Defensa en Guadalajara (LIGA MX) para Clausura 2020 - Apertura 2020","66 kg","1.77","Mexicano","4","2",NA,"0","229","1",NA
"139","Antonio Briseño Vázquez","Defensa en Guadalajara (LIGA MX) para Apertura 2019 - Clausura 2023","81.1 kg","1.85","Mexicano","4","2",NA,"0","263",NA,NA
"140","Miguel Ángel Ponce Briseño","Defensa Lateral en Guadalajara (LIGA MX) para Apertura 2018 - Apertura 2021","83 kg","1.76","Mexicano","9","9",NA,"0","810","2",NA
"141","Jesús Enrique Sánchez García","Defensa Lateral en Guadalajara (LIGA MX) para Apertura 2018 - Apertura 2022","67.5 kg","1.68","Mexicano","7","7",NA,"0","575","2",NA
"142","Hiram Ricardo Mier Alanís","Defensa en Guadalajara (LIGA MX) para Clausura 2019 - Apertura 2021","73.7 kg","1.82","Mexicano","10","10",NA,"0","840","1",NA
"143","José Antonio Madueña López","Defensa Lateral en Guadalajara (LIGA MX) para Clausura 2020 - Apertura 2022","66.7 kg","1.73","Mexicano","3","2",NA,"0","205",NA,NA
"144","Alexis Francisco Peña López","Defensa Central en Guadalajara (LIGA MX) para Clausura 2020 - Apertura 2020","82.3 kg","1.86","Mexicano",NA,NA,NA,"0",NA,NA,NA
"145","Gilberto Sepúlveda López","Defensa en Guadalajara (LIGA MX) para Clausura 2020 - Apertura 2021","77.9 kg","1.82","Mexicano","8","8",NA,"0","720","2",NA
"146","Dieter Daniel Villalpando Pérez","Medio Ofensivo en Guadalajara (LIGA MX) para Clausura 2019 - Apertura 2021","70.9 kg","1.71","Mexicano","4","1",NA,"0","128",NA,NA
"147","Javier Eduardo López Ramírez","Medio Ofensivo en Guadalajara (LIGA MX) para Apertura 2018 - Apertura 2020","66.6 kg","1.67","Mexicano","8","6","2","0","463",NA,NA
"148","Isaác Brizuela Muñóz","Medio Ofensivo en Guadalajara (LIGA MX) para Apertura 2018 - Apertura 2022","65.6 kg","1.71","Mexicano","10","8",NA,"0","715","1",NA
"149","Carlos Uriel Antuna Romero","Medio Ofensivo en Guadalajara (LIGA MX) para Clausura 2020 - Apertura 2023","61 kg","1.74","Mexicano","9","7",NA,"0","645",NA,NA
"150","Jesús Ricardo Angulo Uriarte","Medio Ofensivo en Guadalajara (LIGA MX) para Clausura 2020 - Apertura 2020","62.3 kg","1.72","Mexicano","7","1",NA,"0","178",NA,NA
"151","Jesús Antonio Molina Granados","Medio en Guadalajara (LIGA MX) para Clausura 2019 - Clausura 2020","77 kg","1.86","Mexicano","10","10","2","0","850","4",NA
"152","José Juan Vázquez Gómez","Medio en Guadalajara (LIGA MX) para Clausura 2020 - Apertura 2021","63 kg","1.66","Mexicano","4",NA,NA,"0","101",NA,NA
"153","Fernando Beltrán Cruz","Medio en Guadalajara (LIGA MX) para Apertura 2019 - Apertura 2023","64 kg","1.63","Mexicano","10","10","2","0","824","4",NA
"154","Alejandro Zendejas Saavedra","Medio Ofensivo en Guadalajara (LIGA MX)","63.5 kg","1.65","Mexicano",NA,NA,NA,"0",NA,NA,NA
"155","Ernesto Alexis Vega Rojas","Delantero en Guadalajara (LIGA MX) para Clausura 2019 - Apertura 2022","77.3 kg","1.73","Mexicano","7","7","2","0","502","1","1"
"156","José Juan Macías Guzmán","Delantero en Guadalajara (LIGA MX) para Clausura 2020 - Clausura 2022","76 kg","1.78","Mexicano","8","7","4","0","616",NA,NA
"157","Ronaldo Cisneros Morell","Delantero en Guadalajara (LIGA MX) para Clausura 2020 - Apertura 2021","74 kg","1.8","Mexicano","4","2",NA,"0","138","1","1"
"158","Oribe Peralta Morones","Delantero en Guadalajara (LIGA MX) para Apertura 2019 - Apertura 2021","71.7 kg","1.78","Mexicano","2","1","1","0","112","1",NA
"159",NA,NA,NA,NA,NA,NA,NA,NA,NA,NA,NA,NA
"160",NA,NA,NA,NA,NA,NA,NA,NA,NA,NA,NA,NA
"161",NA,NA,NA,NA,NA,NA,NA,NA,NA,NA,NA,NA
"162",NA,NA,NA,NA,NA,NA,NA,NA,NA,NA,NA,NA
"163",NA,NA,NA,NA,NA,NA,NA,NA,NA,NA,NA,NA
"164",NA,NA,NA,NA,NA,NA,NA,NA,NA,NA,NA,NA
"165",NA,NA,NA,NA,NA,NA,NA,NA,NA,NA,NA,NA
"166",NA,NA,NA,NA,NA,NA,NA,NA,NA,NA,NA,NA
"167",NA,NA,NA,NA,NA,NA,NA,NA,NA,NA,NA,NA
"168",NA,NA,NA,NA,NA,NA,NA,NA,NA,NA,NA,NA
"169","Alfredo Saldívar Medina","Portero en PUMAS (LIGA MX)","78 kg","1.83","Mexicano","10","10",NA,"0","900","1",NA
"170","Julio José González Vela Alvizu","Portero en PUMAS (LIGA MX) para Clausura 2020","82 kg","1.83","Mexicano",NA,NA,NA,"0",NA,NA,NA
"171","Rodrigo Alejandro Cerecedo Cabrera","Portero en PUMAS (LIGA MX) para Clausura 2020 - Clausura 2021","71 kg","1.81","Mexicano",NA,NA,NA,"0",NA,NA,NA
"172","Alan Mozo Rodríguez","Defensa Lateral en PUMAS (LIGA MX)","71 kg","1.75","Mexicano","10","10",NA,"0","888","3",NA
"173","Luis Fernando Quintana Vega","Defensa Central en PUMAS (LIGA MX)","75.7 kg","1.8","Mexicano","9","9","1","0","765","2","1"
"174","Johan Felipe Vásquez Ibarra","Defensa Central en PUMAS (LIGA MX) para Clausura 2020 - Apertura 2021","72.1 kg","1.85","Mexicano","10","10","1","0","900","5",NA
"175","Jerónimo Rodríguez Guemes","Defensa Lateral en PUMAS (LIGA MX) para Clausura 2020 - Apertura 2021","61.2 kg","1.77","Mexicano",NA,NA,NA,"0",NA,NA,NA
"176","Nicolás Omar Freire ","Defensa Central en PUMAS (LIGA MX) para Apertura 2019 - Clausura 2022","82.2 kg","1.87","Argentino","2","1","1","0","125","1",NA
"177","Manuel Alejandro Mayorga Almaráz","Defensa Lateral en PUMAS (LIGA MX) para Clausura 2020 - Apertura 2020","69 kg","1.78","Mexicano","10","10",NA,"0","810","4",NA
"178","Diego Jonathan Rodríguez Miranda","Defensa en PUMAS (LIGA MX) para Clausura 2020 - Apertura 2020","75.8 kg","1.75","Mexicano",NA,NA,NA,"0",NA,NA,NA
"179","David Cabrera Pujol","Medio Defensivo en PUMAS (LIGA MX) para Apertura 2018 - Clausura 2021","75.1 kg","1.8","Mexicano",NA,NA,NA,"0",NA,NA,NA
"180","Andrés Iniestra Vázquez Mellado","Medio Defensivo en PUMAS (LIGA MX)","78.8 kg","1.77","Mexicano","9","9","1","0","810","1",NA
"181","Víctor Ignacio Malcorra ","Medio en PUMAS (LIGA MX)","74 kg","1.7","Mexicano","8","2","1","0","355",NA,NA
"182","Leonel López González","Medio Ofensivo en PUMAS (LIGA MX) para Clausura 2020 - Apertura 2021","68 kg","1.7","Mexicano","4","1",NA,"0","170","1",NA
"183","Sebastián Saucedo Mondragón","Medio Ofensivo en PUMAS (LIGA MX) para Clausura 2020 - Clausura 2022","74 kg","1.73","Mexicano","10","8","1","0","596","1","1"
"184","Juan Pablo Vigon Cham","Medio Ofensivo en PUMAS (LIGA MX) para Apertura 2019 - Clausura 2022","70.4 kg","1.75","Mexicano","7","5","2","0","415",NA,NA
"185","Alejandro Zamudio Galindo","Medio en PUMAS (LIGA MX) para Clausura 2020","60 kg","1.73","Mexicano",NA,NA,NA,"0",NA,NA,NA
"186","Favio Enrique Álvarez ","Medio Ofensivo en PUMAS (LIGA MX) para Clausura 2020 - Apertura 2020","74.3 kg","1.84","Argentino","10","8","2","0","657","4",NA
"187","Pablo Edson Barrera Acosta","Delantero en PUMAS (LIGA MX)","74.8 kg","1.74","Mexicano","10","10","1","0","736","1",NA
"188","Martín  Barragán  Negrete","Delantero en PUMAS (LIGA MX) para Apertura 2019 - Clausura 2020","76.9 kg","1.77","Mexicano",NA,NA,NA,"0",NA,NA,NA
"189","Juan Ignacio Dinenno De Cara","Delantero en PUMAS (LIGA MX) para Clausura 2020 - Apertura 2022","84 kg","1.87","Argentino","8","2","4","0","322",NA,NA
"190","Carlos Gabriel González Espinola","Delantero en PUMAS (LIGA MX) para Apertura 2018 - Clausura 2021","80 kg","1.83","Paraguayo","10","10","4","0","900","1",NA
"191",NA,NA,NA,NA,NA,NA,NA,NA,NA,NA,NA,NA
"192",NA,NA,NA,NA,NA,NA,NA,NA,NA,NA,NA,NA
"193",NA,NA,NA,NA,NA,NA,NA,NA,NA,NA,NA,NA
"194",NA,NA,NA,NA,NA,NA,NA,NA,NA,NA,NA,NA
"195",NA,NA,NA,NA,NA,NA,NA,NA,NA,NA,NA,NA
"196",NA,NA,NA,NA,NA,NA,NA,NA,NA,NA,NA,NA
"197",NA,NA,NA,NA,NA,NA,NA,NA,NA,NA,NA,NA
"198",NA,NA,NA,NA,NA,NA,NA,NA,NA,NA,NA,NA
"199","Nahuel Ignacio Guzmán Palomeque","Portero en UANL (LIGA MX) para Apertura 2018 - Clausura 2021","93.5 kg","1.93","Argentino","10","10",NA,"0","900",NA,NA
"200","Eduardo  Fernández López","Portero en UANL (LIGA MX) para Apertura 2018 - Apertura 2021","84 kg","1.91","Mexicano",NA,NA,NA,"0",NA,NA,NA
"201","Miguel René Ortega Rodríguez","Portero en UANL (LIGA MX) para Apertura 2018 - Clausura 2021","74.2 kg","1.93","Mexicano",NA,NA,NA,"0",NA,NA,NA
"202","Carlos Joel Salcedo Hernández","Defensa en UANL (LIGA MX) para Clausura 2019 - Apertura 2022","77 kg","1.88","Mexicano","5","4",NA,"0","405","1",NA
"203","Hugo Ayala Castro","Defensa en UANL (LIGA MX) para Clausura 2019 - Clausura 2020","81 kg","1.83","Mexicano","6","6",NA,"0","495",NA,NA
"204","Jorge Emmanuel Torres Nilo","Defensa en UANL (LIGA MX) para Clausura 2020 - Clausura 2021","81.4 kg","1.82","Mexicano","4","2",NA,"0","182",NA,NA
"205","Juan José Sánchez Purata","Defensa en UANL (LIGA MX) para Apertura 2018 - Clausura 2021","78.3 kg","1.87","Mexicano","1",NA,NA,"0","84",NA,NA
"206","Francisco Eduardo Venegas Moreno","Defensa en UANL (LIGA MX) para Clausura 2020 - Apertura 2022","70 kg","1.78","Mexicano","1",NA,NA,"0","15",NA,NA
"207","Jordan Steeven Sierra Flores","Defensa en UANL (LIGA MX) para Clausura 2020 - Apertura 2020","61.9 kg","1.69","Ecuatoriano","6","3",NA,"0","302","1",NA
"208","Diego Antonio Reyes Rosales","Defensa en UANL (LIGA MX) para Apertura 2019 - Clausura 2020","75.1 kg","1.92","Mexicano","4","4",NA,"0","276",NA,NA
"209","Francisco Javier Meza Palma","Defensa en UANL (LIGA MX) para Clausura 2020 - Clausura 2021","79 kg","1.84","Colombiano","4","4",NA,"0","360","1",NA
"210","Eduardo Santiago Tercero Méndez","Defensa Central en UANL (LIGA MX)","69 kg","1.8","Mexicano",NA,NA,NA,"0",NA,NA,NA
"211","Rafael De Souza Pereira","Medio en UANL (LIGA MX)","78.8 kg","1.81","Brasileño","8","6",NA,"0","529","1",NA
"212","Guido Hernán Pizarro Demestri","Medio en UANL (LIGA MX)","74.6 kg","1.85","Mexicano","9","9",NA,"0","810","1",NA
"213","Javier Ignacio Aquino Carmona","Medio en UANL (LIGA MX) para Apertura 2018 - Apertura 2020","64 kg","1.68","Mexicano","9","7","1","0","619","1",NA
"214","Jürgen Damm Rascón","Medio en UANL (LIGA MX)","70 kg","1.85","Mexicano","1",NA,NA,"0","45",NA,NA
"215","Luis Alfonso Rodríguez Alanís","Medio en UANL (LIGA MX) para Apertura 2018 - Apertura 2020","76 kg","1.77","Mexicano","10","9",NA,"0","805","3",NA
"216","Jesús Alberto Dueñas Manzo","Medio en UANL (LIGA MX) para Clausura 2020 - Apertura 2021","75 kg","1.79","Mexicano","10","10",NA,"0","871","2",NA
"217","José Luis García Montes","Medio en UANL (LIGA MX) para Apertura 2019 - Clausura 2022","70 kg","1.75","Mexicano",NA,NA,NA,"0",NA,NA,NA
"218","Eduardo Jesús Vargas Rojas","Delantero en UANL (LIGA MX) para Apertura 2018 - Apertura 2020","81 kg","1.74","Chileno","7","2","1","0","281",NA,NA
"219","André-pierre Christian Gignac ","Delantero en UANL (LIGA MX)","91 kg","1.87","Francés","9","9","8","0","798","2",NA
"220","Nicolás Federico López Alonso","Delantero en UANL (LIGA MX) para Clausura 2020 - Apertura 2020","74.4 kg","1.78","Uruguayo","4","4",NA,"0","264",NA,NA
"221","Enner Remberto Valencia Lastra","Delantero en UANL (LIGA MX)","75.6 kg","1.77","Ecuatoriano","9","7","1","0","595","1",NA
"222","Luis Enrique Quiñones ","Delantero en UANL (LIGA MX) para Clausura 2019 - Apertura 2020","64.8 kg","1.78","Colombiano","7","6","1","0","556","1",NA
"223","Julián Andrés Quiñones Quiñones","Delantero en UANL (LIGA MX) para Clausura 2020 - Clausura 2023","78.4 kg","1.77","Colombiano","4",NA,NA,"0","54",NA,NA
"224",NA,NA,NA,NA,NA,NA,NA,NA,NA,NA,NA,NA
"225",NA,NA,NA,NA,NA,NA,NA,NA,NA,NA,NA,NA
"226",NA,NA,NA,NA,NA,NA,NA,NA,NA,NA,NA,NA
"227",NA,NA,NA,NA,NA,NA,NA,NA,NA,NA,NA,NA
"228",NA,NA,NA,NA,NA,NA,NA,NA,NA,NA,NA,NA
"229",NA,NA,NA,NA,NA,NA,NA,NA,NA,NA,NA,NA
"230",NA,NA,NA,NA,NA,NA,NA,NA,NA,NA,NA,NA
"231",NA,NA,NA,NA,NA,NA,NA,NA,NA,NA,NA,NA
"232",NA,NA,NA,NA,NA,NA,NA,NA,NA,NA,NA,NA
"233",NA,NA,NA,NA,NA,NA,NA,NA,NA,NA,NA,NA
"234",NA,NA,NA,NA,NA,NA,NA,NA,NA,NA,NA,NA
"235",NA,NA,NA,NA,NA,NA,NA,NA,NA,NA,NA,NA
"236",NA,NA,NA,NA,NA,NA,NA,NA,NA,NA,NA,NA
"237","Enrique Eduardo Palos Reyes","Portero en FC Juárez (LIGA MX) para Apertura 2019 - Clausura 2020","80 kg","1.82","Mexicano",NA,NA,NA,"0",NA,NA,NA
"238","Marco Antonio Canales Lomelí","Portero en FC Juárez (LIGA MX) para Apertura 2019 - Clausura 2020","69 kg","1.72","Mexicano",NA,NA,NA,"0",NA,NA,NA
"239","Edmundo Iván Vázquez Mellado Pérez","Portero en FC Juárez (LIGA MX) para Clausura 2020 - Apertura 2020","78 kg","1.78","Mexicano","10","10",NA,NA,"900","2",NA
"240","Jonathan Leonardo Lacerda Araujo","Defensa en FC Juárez (LIGA MX) para Apertura 2019 - Clausura 2020","79 kg","1.8","Uruguayo","1","1",NA,"0","48",NA,NA
"241","Luis Alberto López López","Defensa Central en FC Juárez (LIGA MX) para Apertura 2019 - Clausura 2020","77 kg","1.82","Mexicano","6","4",NA,"0","419","1",NA
"242","Elio Castro Guadarrama","Defensa en FC Juárez (LIGA MX) para Apertura 2019 - Clausura 2020","77 kg","1.85","Mexicano","2",NA,NA,"0","85","1",NA
"243","Eder Nicolás Borelli Cap","Defensa en FC Juárez (LIGA MX) para Apertura 2019 - Clausura 2020","68 kg","1.67","Mexicano",NA,NA,NA,"0",NA,NA,NA
"244","Maximiliano Martín Olivera De Andrea","Defensa Lateral en FC Juárez (LIGA MX) para Clausura 2020 - Apertura 2020","72 kg","1.81","Uruguayo","6","5","1","0","470","1",NA
"245","Israel Sabdi Jiménez Nañez","Defensa Lateral en FC Juárez (LIGA MX) para Clausura 2020","79 kg","1.76","Mexicano","10","10",NA,"0","894","1",NA
"246","Bruno Sebastián Romo Rojas","Defensa Central en FC Juárez (LIGA MX) para Clausura 2020 - Apertura 2020","89 kg","1.9","Chileno","8","8","2","0","645",NA,NA
"247","José Abraham Rodríguez Zazueta","Defensa en FC Juárez (LIGA MX) para Apertura 2019 - Clausura 2021","78 kg","1.77","Mexicano","2","2",NA,"0","180","1",NA
"248","Victor Gustavo Velazquez Ramos","Defensa Central en FC Juárez (LIGA MX) para Clausura 2020 - Apertura 2020","80 kg","1.83","Paraguayo","10","10","1","0","900","3",NA
"249","Alberto Joshimar Acosta Alvarado","Defensa en FC Juárez (LIGA MX) para Apertura 2019 - Clausura 2020","74 kg","1.75","Mexicano",NA,NA,NA,"0",NA,NA,NA
"250","César Ronaldo Gandara Jiménez","Defensa en FC Juárez (LIGA MX) para Apertura 2019 - Clausura 2020","77 kg","1.81","Mexicano",NA,NA,NA,"0",NA,NA,NA
"251","Walter Gael Sandoval Contreras","Medio Ofensivo en FC Juárez (LIGA MX) para Clausura 2020 - Apertura 2020","69 kg","1.68","Mexicano","1",NA,NA,"0","46",NA,NA
"252","Edy Germán Brambila Rosales","Medio Ofensivo en FC Juárez (LIGA MX) para Apertura 2019 - Clausura 2020","68 kg","1.7","Mexicano","1",NA,NA,"0","12",NA,NA
"253","Mauro Raúl Fernández ","Medio en FC Juárez (LIGA MX) para Apertura 2019 - Clausura 2020","67 kg","1.69","Argentino","10","10",NA,"0","701","1",NA
"254","William Gabriel Mendieta Pintos","Medio Ofensivo en FC Juárez (LIGA MX) para Clausura 2020 - Apertura 2021","77 kg","1.78","Paraguayo","6","2",NA,"0","267","1",NA
"255","Jefferson Alfredo Intriago Mendoza","Medio Defensivo en FC Juárez (LIGA MX) para Apertura 2019 - Clausura 2021","75 kg","1.72","Ecuatoriano","10","10",NA,"0","900","4",NA
"256","José Joaquín Esquivel Martínez","Medio en FC Juárez (LIGA MX) para Apertura 2019 - Clausura 2022","80 kg","1.8","Mexicano","9","8",NA,"0","723","1",NA
"257","Flavio Jesús Santos Carrillo","Medio Ofensivo en FC Juárez (LIGA MX) para Apertura 2019 - Clausura 2020","73 kg","1.72","Mexicano","8","4","3","0","348","2","1"
"258","Manuel Viniegra García","Medio en FC Juárez (LIGA MX) para Apertura 2019 - Clausura 2020","71 kg","1.77","Mexicano",NA,NA,NA,"0",NA,NA,NA
"259","Francisco Javier Nevarez Pulgarin","Medio Ofensivo en FC Juárez (LIGA MX) para Apertura 2019 - Clausura 2024","70 kg","1.71","Mexicano",NA,NA,NA,"0",NA,NA,NA
"260","Martín Ernesto Rabuñal Rey","Medio Defensivo en FC Juárez (LIGA MX) para Clausura 2020 - Apertura 2020","77 kg","1.78","Uruguayo","6","4","1","0","363","1",NA
"261","Omar Antonio Panuco Padilla","Medio Ofensivo en FC Juárez (LIGA MX) para Clausura 2020 - Apertura 2021","69 kg","1.67","Mexicano",NA,NA,NA,"0",NA,NA,NA
"262","Dario Lezcano Fariña","Delantero en FC Juárez (LIGA MX) para Apertura 2019 - Clausura 2020","78 kg","1.79","Paraguayo","10","10","6","0","875","3",NA
"263","Leandro Carrijo Silva","Delantero en FC Juárez (LIGA MX) para Apertura 2019 - Clausura 2020","83 kg","1.82","Brasileño",NA,NA,NA,"0",NA,NA,NA
"264","Ángelo Nicolás Sagal Tapia","Delantero en FC Juárez (LIGA MX) para Apertura 2019 - Clausura 2020","78 kg","1.78","Chileno","10","6","1","0","526","1",NA
"265","Brian Alejandro Rubio Rodríguez","Delantero en FC Juárez (LIGA MX) para Clausura 2020","80 kg","1.84","Mexicano","6",NA,"1","0","50","1",NA
"266","Diego Alejandro Rolan Silva","Delantero en FC Juárez (LIGA MX) para Apertura 2019 - Clausura 2020","69 kg","1.78","Uruguayo","7","6","4","0","528","2",NA
"267",NA,NA,NA,NA,NA,NA,NA,NA,NA,NA,NA,NA
"268",NA,NA,NA,NA,NA,NA,NA,NA,NA,NA,NA,NA
"269",NA,NA,NA,NA,NA,NA,NA,NA,NA,NA,NA,NA
"270",NA,NA,NA,NA,NA,NA,NA,NA,NA,NA,NA,NA
"271",NA,NA,NA,NA,NA,NA,NA,NA,NA,NA,NA,NA
"272",NA,NA,NA,NA,NA,NA,NA,NA,NA,NA,NA,NA
"273",NA,NA,NA,NA,NA,NA,NA,NA,NA,NA,NA,NA
"274",NA,NA,NA,NA,NA,NA,NA,NA,NA,NA,NA,NA
"275","Carlos Sebastián Sosa Silva","Portero en M. Morelia (LIGA MX)","76.5 kg","1.79","Mexicano","6","6",NA,"0","540",NA,NA
"276","Ricardo Daniel Gutiérrez Hernández","Portero en M. Morelia (LIGA MX)","77.5 kg","1.81","Mexicano",NA,NA,NA,"0",NA,NA,NA
"277","Luis Ángel Malagón Velázquez","Portero en M. Morelia (LIGA MX) para Apertura 2018 - Apertura 2022","75 kg","1.81","Mexicano","4","4",NA,"0","360","1",NA
"278","Efraín Velarde Calvillo","Defensa Lateral en M. Morelia (LIGA MX)","72.7 kg","1.74","Mexicano","7","6",NA,"0","520","1",NA
"279","Paolo Medina Etienne","Defensa Lateral en M. Morelia (LIGA MX) para Apertura 2019 - Clausura 2020","69 kg","1.75","Mexicano","2","1",NA,"0","104",NA,NA
"280","Carlos Alonso Vargas Tenorio","Defensa Central en M. Morelia (LIGA MX) para Clausura 2020 - Apertura 2020","68.5 kg","1.78","Mexicano","3","2","1","0","202",NA,NA
"281","Sebastián Ignacio Vegas Orellana","Defensa Central en M. Morelia (LIGA MX)","80.9 kg","1.82","Chileno","9","9",NA,"0","807","2","1"
"282","Jose Enrique Ortiz Cortes","Defensa Central en M. Morelia (LIGA MX) para Apertura 2019 - Clausura 2021","80 kg","1.81","Colombiano","7","6","1","0","455","2","1"
"283","Gonzalo Alejandro Jara Reyes","Defensa Central en M. Morelia (LIGA MX) para Clausura 2020 - Apertura 2020","78 kg","1.78","Chileno","6","6",NA,"0","540","1",NA
"284","Andrés Didyer Catalán Guemes","Defensa Lateral en M. Morelia (LIGA MX) para Apertura 2019 - Clausura 2022","63.4 kg","1.66","Mexicano",NA,NA,NA,"0",NA,NA,NA
"285","José Joaquín Martínez Valadez","Defensa Lateral en M. Morelia (LIGA MX) para Apertura 2019 - Clausura 2020","70.2 kg","1.77","Mexicano","9","7","1","0","668","2",NA
"286","Gabriel Eduardo Achilier Zurita","Defensa en M. Morelia (LIGA MX) para Clausura 2020 - Apertura 2020","85.6 kg","1.81","Ecuatoriano","3","3","1","0","270",NA,NA
"287","Jesús Eduardo González Mendivil","Defensa Central en M. Morelia (LIGA MX) para Clausura 2020 - Clausura 2021","59 kg","1.8","Mexicano",NA,NA,NA,"0",NA,NA,NA
"288","Mario Alejandro Trejo Castro","Defensa Lateral en M. Morelia (LIGA MX)","71.1 kg","1.81","Mexicano",NA,NA,NA,"0",NA,NA,NA
"289","Mario Humberto Osuna Pereznuñez","Medio Defensivo en M. Morelia (LIGA MX) para Clausura 2019 - Apertura 2020","76.5 kg","1.76","Mexicano","6","3",NA,"0","239",NA,NA
"290","Jorge Luis Valdivia Toro","Medio Ofensivo en M. Morelia (LIGA MX) para Clausura 2020 - Apertura 2020","72.4 kg","1.74","Chileno","3","3",NA,"0","270","1",NA
"291","Martín Vladimir Rodríguez Torrejón","Medio Ofensivo en M. Morelia (LIGA MX) para Clausura 2020 - Apertura 2020","64.5 kg","1.7","Chileno","10","9","3","0","771","2",NA
"292","Cándido Saúl Ramírez Montes","Medio en M. Morelia (LIGA MX) para Apertura 2019 - Clausura 2020","66.8 kg","1.7","Mexicano","6","4",NA,"0","340","1",NA
"293","Lucas Martin Villafañez ","Medio Ofensivo en M. Morelia (LIGA MX) para Apertura 2019 - Clausura 2020","66.8 kg","1.7","Argentino","7","2","1","0","286","1",NA
"294","Rodrigo Javier Millar Carvajal","Medio Ofensivo en M. Morelia (LIGA MX) para Apertura 2019 - Clausura 2020","76.8 kg","1.82","Mexicano","8","8","1","0","640",NA,NA
"295","Luis Ángel Mendoza Escamilla","Medio Ofensivo en M. Morelia (LIGA MX) para Apertura 2019 - Clausura 2020","72 kg","1.73","Mexicano","8","8",NA,"0","645","1",NA
"296","Roberto Ismael Meráz Bernal","Medio Defensivo en M. Morelia (LIGA MX)","78.9 kg","1.8","Mexicano","1",NA,NA,"0","13",NA,NA
"297","Aldo Paúl Rocha González","Medio Defensivo en M. Morelia (LIGA MX)","69.7 kg","1.67","Mexicano","10","10","5","0","900","2",NA
"298","Eduardo Del Ángel Reséndiz","Medio Defensivo en M. Morelia (LIGA MX) para Apertura 2019 - Clausura 2022","70.3 kg","1.74","Mexicano",NA,NA,NA,"0",NA,NA,NA
"299","César Saúl Huerta Valera","Delantero en M. Morelia (LIGA MX) para Clausura 2020 - Apertura 2020","68.7 kg","1.72","Mexicano","6","1",NA,"0","165","1","1"
"300","Fernando Luis Aristeguieta De Luca","Delantero en M. Morelia (LIGA MX) para Apertura 2019 - Clausura 2022","85 kg","1.87","Venezolano","10","6","2","0","647","2",NA
"301","Miguel Ángel Sansores Sánchez","Delantero en M. Morelia (LIGA MX)","74.5 kg","1.75","Mexicano","8","5","1","0","414","1",NA
"302",NA,NA,NA,NA,NA,NA,NA,NA,NA,NA,NA,NA
"303",NA,NA,NA,NA,NA,NA,NA,NA,NA,NA,NA,NA
"304",NA,NA,NA,NA,NA,NA,NA,NA,NA,NA,NA,NA
"305",NA,NA,NA,NA,NA,NA,NA,NA,NA,NA,NA,NA
"306",NA,NA,NA,NA,NA,NA,NA,NA,NA,NA,NA,NA
"307",NA,NA,NA,NA,NA,NA,NA,NA,NA,NA,NA,NA
"308",NA,NA,NA,NA,NA,NA,NA,NA,NA,NA,NA,NA
"309",NA,NA,NA,NA,NA,NA,NA,NA,NA,NA,NA,NA
"310",NA,NA,NA,NA,NA,NA,NA,NA,NA,NA,NA,NA
"311",NA,NA,NA,NA,NA,NA,NA,NA,NA,NA,NA,NA
"312","Jesús Iván Rodríguez Trujillo","Portero en Puebla F.C. (LIGA MX) para Apertura 2019 - Clausura 2020","85.9 kg","1.86","Mexicano",NA,NA,NA,"0",NA,NA,NA
"313","Santiago Noé Ramírez Acosta","Portero en Puebla F.C. (LIGA MX) para Apertura 2019 - Clausura 2020","79 kg","1.8","Mexicano",NA,NA,NA,"0",NA,NA,NA
"314","Nicolás Vikonis Moreau","Portero en Puebla F.C. (LIGA MX) para Clausura 2019 - Apertura 2020","86 kg","1.84","Uruguayo","10","10",NA,"0","900","1",NA
"315","Brayan Alexis Angulo León","Defensa Lateral en Puebla F.C. (LIGA MX) para Apertura 2019 - Clausura 2020","77.2 kg","1.75","Colombiano",NA,NA,NA,"0",NA,NA,NA
"316","Luis Fernando Haquin López","Defensa Central en Puebla F.C. (LIGA MX) para Clausura 2020 - Apertura 2020","78 kg","1.9","Boliviano",NA,NA,NA,"0",NA,NA,NA
"317","Daniel Arreola Argüello","Defensa Central en Puebla F.C. (LIGA MX) para Apertura 2019 - Clausura 2020","74.6 kg","1.78","Mexicano","8","7",NA,NA,"621","1",NA
"318","Diego Andrés Cruz Esparza","Defensa Lateral en Puebla F.C. (LIGA MX) para Clausura 2020","60 kg","1.69","Mexicano",NA,NA,NA,"0",NA,NA,NA
"319","Carlos Gerardo Rodríguez Serrano","Defensa en Puebla F.C. (LIGA MX) para Clausura 2020","78.5 kg","1.81","Mexicano","3","3",NA,"0","245",NA,NA
"320","Alonso René Zamora Barrera","Defensa en Puebla F.C. (LIGA MX) para Apertura 2019 - Clausura 2020","72.6 kg","1.79","Mexicano",NA,NA,NA,"0",NA,NA,NA
"321","Maximiliano Perg Schneider","Defensa Central en Puebla F.C. (LIGA MX) para Apertura 2019 - Clausura 2020","81 kg","1.85","Uruguayo","10","10",NA,"0","900","2",NA
"322","Jesús Arturo Paganoni Peña","Defensa Lateral en Puebla F.C. (LIGA MX) para Clausura 2020 - Apertura 2020","68 kg","1.69","Mexicano","3","3",NA,"0","195",NA,NA
"323","Maximiliano Javier Araújo Vilches","Defensa Lateral en Puebla F.C. (LIGA MX) para Clausura 2020 - Apertura 2023","74 kg","1.76","Uruguayo","1",NA,NA,"0","19",NA,NA
"324","Emanuel Gularte Méndez","Defensa Central en Puebla F.C. (LIGA MX) para Clausura 2020 - Apertura 2023","83 kg","1.89","Uruguayo",NA,NA,NA,"0",NA,NA,NA
"325","Néstor Vicente Vidrio Serrano","Defensa Central en Puebla F.C. (LIGA MX) para Apertura 2019 - Clausura 2020","77 kg","1.82","Mexicano",NA,NA,NA,"0",NA,NA,NA
"326","Alejandro Saúl Chumacero Bracamonte","Medio en Puebla F.C. (LIGA MX) para Clausura 2019 - Apertura 2020","63 kg","1.64","Boliviano","7","3",NA,"0","208",NA,NA
"327","Javier Alván  Salas Salazar","Medio en Puebla F.C. (LIGA MX) para Clausura 2020 - Apertura 2022","73 kg","1.83","Mexicano","9","9",NA,"0","810","2","1"
"328","Pablo González Díaz","Medio en Puebla F.C. (LIGA MX) para Apertura 2019 - Clausura 2020","71.8 kg","1.74","Mexicano","8","6",NA,"0","563","1","1"
"329","Osvaldo David Martínez Arce","Medio en Puebla F.C. (LIGA MX) para Clausura 2020 - Apertura 2020","72 kg","1.66","Mexicano","10","8","1","0","683","2",NA
"330","Jorge Jonathan Espericueta Escamilla","Medio en Puebla F.C. (LIGA MX)","73 kg","1.78","Mexicano",NA,NA,NA,"0",NA,NA,NA
"331","Jesús Eduardo Zavala Castañeda","Medio Defensivo en Puebla F.C. (LIGA MX) para Clausura 2019 - Apertura 2020","87.5 kg","1.9","Mexicano","8","8",NA,"0","693","2",NA
"332","Christian Camilo Marrugo Rodríguez","Medio Ofensivo en Puebla F.C. (LIGA MX) para Apertura 2019 - Clausura 2020","74.8 kg","1.75","Colombiano","6","3",NA,"0","322","2",NA
"333","Jorge Alejandro Zárate Careaga","Medio Ofensivo en Puebla F.C. (LIGA MX) para Apertura 2019 - Clausura 2020","64 kg","1.67","Mexicano","1",NA,NA,"0","19",NA,NA
"334","Salvador Reyes Chávez","Medio Ofensivo en Puebla F.C. (LIGA MX) para Clausura 2020","70 kg","1.74","Mexicano","8","7",NA,"0","629","1",NA
"335","Alan Jesús Acosta Montañez","Medio en Puebla F.C. (LIGA MX) para Apertura 2019 - Apertura 2021","73 kg","1.78","Mexicano","9","2",NA,NA,"358",NA,NA
"336","Ángel Zaldívar Caviedes","Delantero en Puebla F.C. (LIGA MX) para Clausura 2020","75 kg","1.78","Mexicano","9","8","2","0","701",NA,NA
"337","Christian Alejandro Tabó Hornos","Delantero en Puebla F.C. (LIGA MX) para Clausura 2019 - Apertura 2020","75 kg","1.74","Uruguayo","8","8","2","0","663",NA,"1"
"338","Cristian Matías Menéndez ","Delantero en Puebla F.C. (LIGA MX) para Clausura 2020 - Apertura 2020","82.8 kg","1.84","Argentino","7","2","2","0","256",NA,NA
"339","Santiago Gabriel Ormeño Zayas","Delantero en Puebla F.C. (LIGA MX) para Clausura 2020","82 kg","1.86","Mexicano","1","1",NA,"0","57",NA,NA
"340","Eduardo Herrera Aguirre","Delantero en Puebla F.C. (LIGA MX) para Clausura 2020","87 kg","1.88","Mexicano",NA,NA,NA,"0",NA,NA,NA
"341","Diego Abella Calleja","Delantero en Puebla F.C. (LIGA MX) para Apertura 2019 - Clausura 2020","75 kg","1.82","Mexicano","3","2",NA,"0","185",NA,NA
"342","Omar Andrés Fernández Frasica","Delantero en Puebla F.C. (LIGA MX) para Clausura 2019 - Apertura 2020","61 kg","1.66","Colombiano","10","9",NA,"0","779",NA,NA
"343",NA,NA,NA,NA,NA,NA,NA,NA,NA,NA,NA,NA
"344",NA,NA,NA,NA,NA,NA,NA,NA,NA,NA,NA,NA
"345",NA,NA,NA,NA,NA,NA,NA,NA,NA,NA,NA,NA
"346",NA,NA,NA,NA,NA,NA,NA,NA,NA,NA,NA,NA
"347",NA,NA,NA,NA,NA,NA,NA,NA,NA,NA,NA,NA
"348",NA,NA,NA,NA,NA,NA,NA,NA,NA,NA,NA,NA
"349","Oscar Alfredo Ustari ","Portero en Pachuca (LIGA MX) para Clausura 2020 - Apertura 2020","76.8 kg","1.84","Argentino","5","5",NA,"0","450",NA,NA
"350","Alfonso Blanco Antúnez","Portero en Pachuca (LIGA MX) para Apertura 2018 - Clausura 2022","88.2 kg","1.82","Mexicano","5","5",NA,"0","450","1",NA
"351","Carlos Agustín Moreno Luna","Portero en Pachuca (LIGA MX) para Apertura 2019 - Apertura 2020","80 kg","1.87","Mexicano",NA,NA,NA,"0",NA,NA,NA
"352","Denil Omar Maldonado Munguia","Defensa Central en Pachuca (LIGA MX) para Clausura 2020 - Apertura 2020","78 kg","1.84","Hondureño",NA,NA,NA,"0",NA,NA,NA
"353","Miguel Ángel Tapias Dávila","Defensa Central en Pachuca (LIGA MX) para Apertura 2018 - Clausura 2021","72.2 kg","1.8","Mexicano","6","6",NA,"0","540",NA,NA
"354","Raúl López Gómez","Defensa Lateral en Pachuca (LIGA MX) para Apertura 2018 - Clausura 2021","74.3 kg","1.85","Mexicano","6","5",NA,"0","458","1",NA
"355","Emmanuel García Vaca","Defensa Lateral en Pachuca (LIGA MX)","66.8 kg","1.68","Mexicano",NA,NA,NA,"0",NA,NA,NA
"356","Gustavo Daniel Cabral ","Defensa Central en Pachuca (LIGA MX) para Apertura 2019 - Clausura 2021","76 kg","1.84","Argentino","10","10",NA,"0","900","2",NA
"357","Oscar Fabián Murillo Murillo","Defensa Central en Pachuca (LIGA MX) para Apertura 2018 - Clausura 2021","82.5 kg","1.84","Colombiano","10","10",NA,"0","900","1",NA
"358","Kevin Nahin Álvarez Campos","Defensa en Pachuca (LIGA MX) para Clausura 2020 - Apertura 2022","68.4 kg","1.77","Mexicano","5","5",NA,"0","422","1",NA
"359","Rubens Oscar Sambueza ","Medio Ofensivo en Pachuca (LIGA MX) para Apertura 2019 - Clausura 2020","74.5 kg","1.73","Mexicano","8","8",NA,"0","704","3",NA
"360","Cristian Souza España","Medio Ofensivo en Pachuca (LIGA MX) para Clausura 2020 - Apertura 2020","64.2 kg","1.7","Uruguayo","5","1",NA,"0","124",NA,NA
"361","Erick Germain Aguirre Tafolla","Medio Ofensivo en Pachuca (LIGA MX) para Apertura 2018 - Apertura 2023","66.3 kg","1.72","Mexicano","10","10","1","0","882","1",NA
"362","Jorge Daniel Hernández Govea","Medio Defensivo en Pachuca (LIGA MX) para Apertura 2018 - Apertura 2022","78.4 kg","1.71","Mexicano","10","10",NA,"0","892","4",NA
"363","Christian Alberto Cueva Bravo","Medio en Pachuca (LIGA MX) para Clausura 2020","62 kg","1.68","Peruano","2",NA,NA,"0","35",NA,NA
"364","Francisco Antonio Figueroa Díaz","Medio Ofensivo en Pachuca (LIGA MX) para Apertura 2018 - Apertura 2022","55.1 kg","1.72","Mexicano","3","3",NA,"0","204",NA,NA
"365","Pablo César López Martínez","Medio Defensivo en Pachuca (LIGA MX) para Apertura 2018 - Apertura 2022","59.8 kg","1.67","Mexicano",NA,NA,NA,"0",NA,NA,NA
"366","Romario Andrés Ibarra Mina","Medio en Pachuca (LIGA MX) para Apertura 2019 - Clausura 2020","77 kg","1.74","Ecuatoriano","4","3",NA,"0","294","1",NA
"367","Luis Gerardo Chávez Magallón","Medio en Pachuca (LIGA MX) para Apertura 2019 - Clausura 2020","72 kg","1.77","Mexicano","9","7","1","0","521","1","1"
"368","Víctor Alejandro Dávila Zavala","Delantero en Pachuca (LIGA MX) para Clausura 2019 - Apertura 2022","70 kg","1.73","Chileno","7","5",NA,"0","390","1",NA
"369","Colin Kazim Richards ","Delantero en Pachuca (LIGA MX) para Clausura 2020 - Apertura 2020","96 kg","1.87","Inglés","9","7","2","0","561","4",NA
"370","Juan Manuel Iturbe Arévalos","Delantero en Pachuca (LIGA MX) para Clausura 2020","75 kg","1.7","Paraguayo","4","1",NA,"0","126",NA,NA
"371","Franco Daniel Jara ","Delantero en Pachuca (LIGA MX)","76.9 kg","1.8","Argentino","10","8","7","0","710","2",NA
"372","Roberto Carlos de la Rosa González","Delantero en Pachuca (LIGA MX) para Clausura 2020 - Apertura 2022","81.3 kg","1.8","Mexicano","4",NA,NA,"0","100",NA,NA
"373",NA,NA,NA,NA,NA,NA,NA,NA,NA,NA,NA,NA
"374",NA,NA,NA,NA,NA,NA,NA,NA,NA,NA,NA,NA
"375",NA,NA,NA,NA,NA,NA,NA,NA,NA,NA,NA,NA
"376",NA,NA,NA,NA,NA,NA,NA,NA,NA,NA,NA,NA
"377",NA,NA,NA,NA,NA,NA,NA,NA,NA,NA,NA,NA
"378",NA,NA,NA,NA,NA,NA,NA,NA,NA,NA,NA,NA
"379",NA,NA,NA,NA,NA,NA,NA,NA,NA,NA,NA,NA
"380","Gil Esaul Alcalá Barba","Portero en Querétaro (LIGA MX) para Apertura 2018 - Clausura 2023","74.4 kg","1.79","Mexicano","10","10",NA,"0","900",NA,NA
"381","Gerardo Daniel Ruíz Barragán","Portero en Querétaro (LIGA MX) para Apertura 2019 - Clausura 2020","77 kg","1.9","Mexicano",NA,NA,NA,"0",NA,NA,NA
"382","Benny Díaz Jáuregui","Portero en Querétaro (LIGA MX) para Apertura 2019 - Clausura 2023","83 kg","1.87","Mexicano",NA,NA,NA,"0",NA,NA,NA
"383","Julián Alberto Velázquez ","Defensa en Querétaro (LIGA MX) para Clausura 2020 - Apertura 2020","80 kg","1.84","Argentino","10","10",NA,"0","885","3","1"
"384","Jair Pereira Rodríguez","Defensa Central en Querétaro (LIGA MX) para Apertura 2019 - Clausura 2020","81 kg","1.86","Mexicano",NA,NA,NA,"0",NA,NA,NA
"385","Víctor Manuel Milke Almagro","Defensa en Querétaro (LIGA MX)","72 kg","1.82","Mexicano",NA,NA,NA,"0",NA,NA,NA
"386","Jorge Luis Aguilar Miranda","Defensa en Querétaro (LIGA MX) para Clausura 2020 - Apertura 2020","77.5 kg","1.83","Paraguayo","8","7","1","0","634",NA,NA
"387","Fabián Andrés Castillo Sánchez","Defensa Lateral en Querétaro (LIGA MX) para Apertura 2019 - Clausura 2020","74 kg","1.74","Colombiano","10","10","2","0","818","2",NA
"388","Areli Betsiel Hernández Huerta","Defensa en Querétaro (LIGA MX) para Apertura 2018 - Clausura 2021","72 kg","1.73","Mexicano","6","6",NA,"0","511","3",NA
"389","Idekel Alberto Domínguez Rodríguez","Defensa Lateral en Querétaro (LIGA MX) para Clausura 2020 - Apertura 2020","70 kg","1.75","Mexicano",NA,NA,NA,"0",NA,NA,NA
"390","Alexis Rafael Pérez Fontanilla","Defensa en Querétaro (LIGA MX)","77 kg","1.77","Colombiano",NA,NA,NA,"0",NA,NA,NA
"391","Enrique López Fernández","Defensa Lateral en Querétaro (LIGA MX) para Apertura 2019 - Clausura 2020","80 kg","1.86","Español","7","6",NA,"0","506","3",NA
"392","Michael Pérez Ortiz","Medio Defensivo en Querétaro (LIGA MX) para Clausura 2020 - Apertura 2020","76 kg","1.77","Mexicano","4","1",NA,"0","122","1",NA
"393","Brian Eduardo Figueroa Flores","Medio Ofensivo en Querétaro (LIGA MX) para Clausura 2020 - Apertura 2020","72.9 kg","1.77","Mexicano",NA,NA,NA,"0",NA,NA,NA
"394","Clifford Aboagye ","Medio en Querétaro (LIGA MX) para Apertura 2019 - Clausura 2020","55 kg","1.65","Ghanés","10","10","1","0","891","2",NA
"395","Marcel Alejandro Ruiz Suárez","Medio en Querétaro (LIGA MX) para Apertura 2019 - Clausura 2021","68 kg","1.8","Mexicano","10","10","2","0","802","2",NA
"396","Jefferson Gabriel Orejuela Izquierdo","Medio Ofensivo en Querétaro (LIGA MX) para Clausura 2020 - Apertura 2022","75.4 kg","1.79","Ecuatoriano","4","3",NA,"0","233","2",NA
"397","Jonathan Suárez Cortes","Medio en Querétaro (LIGA MX) para Apertura 2018 - Clausura 2023","76 kg","1.78","Mexicano","4","1",NA,"0","146",NA,NA
"398","Antonio Nava Cid","Medio en Querétaro (LIGA MX) para Clausura 2020 - Apertura 2020","92 kg","1.69","Mexicano","1","1",NA,"0","90",NA,NA
"399","Jonathan Ezequiel Perlaza Leiva","Medio Ofensivo en Querétaro (LIGA MX) para Clausura 2020 - Apertura 2023","68.5 kg","1.69","Ecuatoriano","7","5",NA,"0","455","1",NA
"400","Omar Arellano Riverón","Medio en Querétaro (LIGA MX) para Apertura 2019 - Clausura 2021","72 kg","1.78","Mexicano","5",NA,NA,"0","130","1",NA
"401","Jaime Gómez Valencia","Medio en Querétaro (LIGA MX) para Apertura 2018 - Apertura 2020","67 kg","1.76","Mexicano","10","10","1","0","900","1",NA
"402","Jordi Cortizo de la Piedra","Medio en Querétaro (LIGA MX) para Apertura 2018 - Apertura 2021","70 kg","1.72","Mexicano","5",NA,NA,"0","124",NA,NA
"403","Paolo Yrizar Martín del Campo","Delantero en Querétaro (LIGA MX) para Clausura 2019 - Clausura 2022","78 kg","1.84","Mexicano","4",NA,NA,"0","51",NA,NA
"404","Jeison Steven Lucumí Mina","Delantero en Querétaro (LIGA MX) para Apertura 2019 - Clausura 2020","75 kg","1.78","Colombiano","9","9",NA,"0","711",NA,NA
"405","Ariel Gerardo Nahuelpan Osten","Delantero en Querétaro (LIGA MX) para Clausura 2020 - Apertura 2020","92 kg","1.88","Mexicano","8","7","5","0","648","4",NA
"406","Enrique Luis Triverio ","Delantero en Querétaro (LIGA MX) para Apertura 2019 - Clausura 2020","82 kg","1.83","Argentino","6","3",NA,"0","272",NA,NA
"407",NA,NA,NA,NA,NA,NA,NA,NA,NA,NA,NA,NA
"408",NA,NA,NA,NA,NA,NA,NA,NA,NA,NA,NA,NA
"409",NA,NA,NA,NA,NA,NA,NA,NA,NA,NA,NA,NA
"410",NA,NA,NA,NA,NA,NA,NA,NA,NA,NA,NA,NA
"411",NA,NA,NA,NA,NA,NA,NA,NA,NA,NA,NA,NA
"412",NA,NA,NA,NA,NA,NA,NA,NA,NA,NA,NA,NA
"413",NA,NA,NA,NA,NA,NA,NA,NA,NA,NA,NA,NA
"414",NA,NA,NA,NA,NA,NA,NA,NA,NA,NA,NA,NA
"415","Carlos Felipe Rodríguez Rangel","Portero en Club Atlético de San Luis (LIGA MX) para Apertura 2019 - Clausura 2022","80 kg","1.84","Mexicano","10","10",NA,"0","900",NA,NA
"416","Axel Wilfredo Werner ","Portero en Club Atlético de San Luis (LIGA MX) para Apertura 2019 - Clausura 2020","85 kg","1.91","Argentino",NA,NA,NA,"0",NA,NA,NA
"417","Roberto Alejandro Salcedo Reynoso","Portero en Club Atlético de San Luis (LIGA MX) para Apertura 2019 - Clausura 2021","79 kg","1.83","Mexicano",NA,NA,NA,"0",NA,NA,NA
"418","Juan Antonio Portales Villarreal","Defensa en Club Atlético de San Luis (LIGA MX) para Apertura 2019 - Clausura 2020","76 kg","1.82","Mexicano","1","1",NA,"0","40",NA,NA
"419","Matías Ezequiel Catalán ","Defensa Lateral en Club Atlético de San Luis (LIGA MX) para Apertura 2019 - Clausura 2021","78 kg","1.8","Argentino","8","8","1","0","668","1",NA
"420","Pedro Mario Álvarez Abrante","Defensa Central en Club Atlético de San Luis (LIGA MX) para Apertura 2019 - Clausura 2020","72 kg","1.75","Español","3","2",NA,"0","183","1",NA
"421","Luis Ricardo Reyes Moreno","Defensa Lateral en Club Atlético de San Luis (LIGA MX) para Apertura 2019 - Clausura 2020","66 kg","1.81","Mexicano","10","10","1","0","900",NA,NA
"422","Unai Bilbao Arteta","Defensa Central en Club Atlético de San Luis (LIGA MX) para Apertura 2019 - Clausura 2021","87.5 kg","1.92","Español","1","1",NA,"0","90","1",NA
"423","Dionicio Manuel Escalante Moreno","Defensa en Club Atlético de San Luis (LIGA MX) para Apertura 2019 - Apertura 2020","83 kg","1.7","Mexicano","9","9",NA,"0","810",NA,NA
"424","Luis Fernando León Bermeo","Defensa Central en Club Atlético de San Luis (LIGA MX) para Clausura 2020 - Apertura 2022","70 kg","1.85","Ecuatoriano","10","10",NA,"0","900","4",NA
"425","Mario Humberto de Luna Saucedo","Defensa Central en Club Atlético de San Luis (LIGA MX) para Apertura 2019 - Clausura 2021","78 kg","1.79","Mexicano","1",NA,NA,"0","5",NA,NA
"426","Juan David Castro Ruíz","Medio en Club Atlético de San Luis (LIGA MX) para Apertura 2019 - Clausura 2021","69 kg","1.65","Mexicano","9","5",NA,"0","558",NA,NA
"427","Luis Felipe Gallegos Leiva","Medio Defensivo en Club Atlético de San Luis (LIGA MX) para Clausura 2020 - Apertura 2022","73 kg","1.73","Chileno","8","8",NA,"0","649","1",NA
"428","Fernando Madrigal González","Medio en Club Atlético de San Luis (LIGA MX) para Apertura 2019 - Clausura 2021","70.2 kg","1.76","Mexicano",NA,NA,NA,"0",NA,NA,NA
"429","Anderson Andrés Julio Santos","Medio Ofensivo en Club Atlético de San Luis (LIGA MX) para Clausura 2020 - Apertura 2022","70 kg","1.71","Ecuatoriano","8","4",NA,"0","326","1",NA
"430","Javier Cortés Granados","Medio en Club Atlético de San Luis (LIGA MX) para Clausura 2020","62 kg","1.71","Mexicano","6","5",NA,"0","366","1",NA
"431","Carlos Gutiérrez Estefa","Medio en Club Atlético de San Luis (LIGA MX) para Apertura 2019 - Clausura 2020","73 kg","1.77","Mexicano","3",NA,NA,"0","77",NA,NA
"432","Jorge Alberto Sánchez López","Medio Defensivo en Club Atlético de San Luis (LIGA MX) para Apertura 2019 - Clausura 2020","55 kg","1.7","Mexicano","5",NA,NA,"0","69",NA,NA
"433","Camilo Sebastián Mayada Mesa","Medio en Club Atlético de San Luis (LIGA MX) para Apertura 2019 - Clausura 2022","73 kg","1.74","Uruguayo","10","10",NA,"0","855","2",NA
"434","Oscar Uriel Macías Mora","Medio Defensivo en Club Atlético de San Luis (LIGA MX) para Apertura 2019 - Clausura 2020","72 kg","1.77","Mexicano","4","1",NA,"0","100","1",NA
"435","Diego Hernández Jiménez","Medio en Club Atlético de San Luis (LIGA MX) para Apertura 2019 - Clausura 2020","77 kg","1.77","Mexicano","5","3",NA,"0","287",NA,NA
"436","Germán Berterame ","Delantero en Club Atlético de San Luis (LIGA MX) para Apertura 2019 - Clausura 2022","71 kg","1.73","Argentino","10","10","4","0","886","3",NA
"437","Nicolás Alejandro Ibáñez ","Delantero en Club Atlético de San Luis (LIGA MX) para Apertura 2019 - Clausura 2020","76 kg","1.78","Argentino","10","10","5","0","900",NA,NA
"438","Diego Iván Pineda Juárez","Delantero en Club Atlético de San Luis (LIGA MX) para Apertura 2019 - Clausura 2020","77 kg","1.78","Mexicano","2",NA,NA,"0","21",NA,NA
"439","Ian González Nieto","Delantero en Club Atlético de San Luis (LIGA MX) para Apertura 2019 - Clausura 2021","83 kg","1.89","Español","6","2",NA,"0","243","1","1"
"440",NA,NA,NA,NA,NA,NA,NA,NA,NA,NA,NA,NA
"441",NA,NA,NA,NA,NA,NA,NA,NA,NA,NA,NA,NA
"442",NA,NA,NA,NA,NA,NA,NA,NA,NA,NA,NA,NA
"443",NA,NA,NA,NA,NA,NA,NA,NA,NA,NA,NA,NA
"444",NA,NA,NA,NA,NA,NA,NA,NA,NA,NA,NA,NA
"445",NA,NA,NA,NA,NA,NA,NA,NA,NA,NA,NA,NA
"446","Hugo Alfonso González Durán","Portero en Necaxa (LIGA MX)","82.8 kg","1.83","Mexicano","7","7",NA,"0","545","1",NA
"447","Yosgart Ernesto Gutiérrez Serna","Portero en Necaxa (LIGA MX) para Apertura 2019 - Clausura 2020","82 kg","1.87","Mexicano","3","2",NA,"0","265","1",NA
"448","José Alexis Doldán Aquino","Defensa en Necaxa (LIGA MX) para Clausura 2020 - Apertura 2020","75 kg","1.78","Paraguayo","5","5","1","0","445","1",NA
"449","Carlos Alberto Guzmán Fonseca","Defensa en Necaxa (LIGA MX) para Clausura 2019 - Apertura 2022","72.3 kg","1.76","Mexicano",NA,NA,NA,"0",NA,NA,NA
"450","Jairo Daniel González Fajardo","Defensa en Necaxa (LIGA MX) para Apertura 2019 - Clausura 2022","74.9 kg","1.69","Mexicano","5","5",NA,"0","450","2",NA
"451","Raúl Martín Sandoval Zavala","Defensa en Necaxa (LIGA MX) para Clausura 2020 - Apertura 2023","72 kg","1.73","Mexicano","5","5",NA,"0","450",NA,NA
"452","Rodrigo Javier Noya García","Defensa en Necaxa (LIGA MX) para Apertura 2019 - Clausura 2020","85.8 kg","1.94","Mexicano","8","8","1","0","706","2",NA
"453","Julio Cesar González Trinidad","Defensa en Necaxa (LIGA MX) para Clausura 2020 - Apertura 2023","70 kg","1.76","Paraguayo","6","6",NA,"0","540",NA,NA
"454","Ventura Alvarado Aispuro","Defensa en Necaxa (LIGA MX) para Apertura 2018 - Apertura 2020","77.2 kg","1.81","Mexicano","5","5",NA,"0","450","2",NA
"455","Luis Ernesto Pérez Martínez","Medio en Necaxa (LIGA MX) para Apertura 2018 - Clausura 2021","77.8 kg","1.75","Mexicano",NA,NA,NA,"0",NA,NA,NA
"456","Fernando David Arce Juárez","Medio en Necaxa (LIGA MX) para Clausura 2020 - Apertura 2023","73 kg","1.75","Mexicano","6","6",NA,NA,"531","1",NA
"457","Kevin Bryan Mercado Mina","Medio en Necaxa (LIGA MX) para Clausura 2019 - Apertura 2022","76 kg","1.72","Ecuatoriano","6","3",NA,"0","303","1",NA
"458","Jorge Francisco Lumbreras Romero","Medio en Necaxa (LIGA MX) para Apertura 2019 - Clausura 2022","72.5 kg","1.79","Mexicano",NA,NA,NA,"0",NA,NA,NA
"459","Yerko Bastián Leiva Lazo","Medio en Necaxa (LIGA MX) para Clausura 2020 - Apertura 2023","54 kg","1.62","Chileno","4","2",NA,"0","166",NA,NA
"460","Ricardo Chávez Soto","Medio en Necaxa (LIGA MX) para Apertura 2019 - Clausura 2021","69 kg","1.73","Mexicano","8","8",NA,"0","719","2",NA
"461","Claudio Andres Baeza Baeza","Medio en Necaxa (LIGA MX) para Apertura 2019 - Clausura 2023","68 kg","1.72","Chileno","10","10","1","0","840","4","1"
"462","José Antonio Cobián Ruíz","Medio en Necaxa (LIGA MX) para Apertura 2019 - Clausura 2023","67 kg","1.74","Mexicano","2","1",NA,"0","96",NA,NA
"463","Daniel Álvarez López","Delantero en Necaxa (LIGA MX) para Apertura 2018 - Clausura 2023","74.3 kg","1.76","Mexicano","10","7","2","0","571","2",NA
"464","Mauro Daniel Quiroga ","Delantero en Necaxa (LIGA MX) para Apertura 2019 - Clausura 2021","78 kg","1.87","Argentino","10","10","5","0","900","1",NA
"465","Maximiliano Nahuel Salas ","Delantero en Necaxa (LIGA MX) para Apertura 2019 - Clausura 2023","71 kg","1.72","Argentino","9","4","1","0","430",NA,NA
"466","Juan Antonio Delgado Baeza","Delantero en Necaxa (LIGA MX) para Apertura 2019 - Clausura 2023","71 kg","1.76","Chileno","10","10","4","0","865","2",NA
"467","Luis Guillermo Madrigal Gutiérrez","Delantero en Necaxa (LIGA MX) para Clausura 2020","83 kg","1.87","Mexicano","7",NA,NA,"0","134",NA,NA
"468","Diego Chávez Collins","Delantero en Necaxa (LIGA MX) para Clausura 2020 - Apertura 2022","73 kg","1.75","Mexicano","7","3","1","0","249","1",NA
"469","Ricardo Saúl Monreal Morales","Delantero en Necaxa (LIGA MX) para Clausura 2020 - Clausura 2024","68 kg","1.75","Mexicano",NA,NA,NA,"0",NA,NA,NA
"470",NA,NA,NA,NA,NA,NA,NA,NA,NA,NA,NA,NA
"471",NA,NA,NA,NA,NA,NA,NA,NA,NA,NA,NA,NA
"472",NA,NA,NA,NA,NA,NA,NA,NA,NA,NA,NA,NA
"473",NA,NA,NA,NA,NA,NA,NA,NA,NA,NA,NA,NA
"474",NA,NA,NA,NA,NA,NA,NA,NA,NA,NA,NA,NA
"475",NA,NA,NA,NA,NA,NA,NA,NA,NA,NA,NA,NA
"476",NA,NA,NA,NA,NA,NA,NA,NA,NA,NA,NA,NA
"477","Alfredo Talavera Díaz","Portero en Toluca (LIGA MX) para Apertura 2018 - Clausura 2021","82 kg","1.88","Mexicano","10","10",NA,"0","900",NA,NA
"478","Ramón Pasquel Colin","Portero en Toluca (LIGA MX) para Apertura 2018 - Clausura 2021","76 kg","1.81","Mexicano",NA,NA,NA,"0",NA,NA,NA
"479","Luis Manuel García Palomera","Portero en Toluca (LIGA MX) para Apertura 2018 - Clausura 2022","90 kg","1.83","Mexicano",NA,NA,NA,"0",NA,NA,NA
"480","Omar Fernando Tobio ","Defensa en Toluca (LIGA MX)","83 kg","1.86","Argentino",NA,NA,NA,"0",NA,NA,NA
"481","Adrián Mora Barraza","Defensa en Toluca (LIGA MX) para Apertura 2019 - Clausura 2022","80 kg","1.9","Mexicano","10","10",NA,"0","900","2",NA
"482","Jonatan Ramón Maidana ","Defensa en Toluca (LIGA MX) para Clausura 2019 - Apertura 2020","80 kg","1.85","Argentino","6","6",NA,"0","540","1",NA
"483","Anibal Hernán Chala Ayovi","Defensa en Toluca (LIGA MX) para Apertura 2019 - Clausura 2022","70 kg","1.79","Ecuatoriano","10","10",NA,"0","900","2",NA
"484","Diego Alejandro Rosales Islas","Defensa en Toluca (LIGA MX) para Clausura 2020 - Clausura 2022","66 kg","1.71","Mexicano",NA,NA,NA,"0",NA,NA,NA
"485","Richard Ruíz Toledo","Defensa Lateral en Toluca (LIGA MX) para Apertura 2019 - Clausura 2020","68 kg","1.75","Mexicano","4",NA,NA,"0","28",NA,NA
"486","Gastón Sauro ","Defensa en Toluca (LIGA MX) para Apertura 2019 - Clausura 2021","75 kg","1.81","Argentino","1",NA,NA,"0","19",NA,NA
"487","Rodrigo Salinas Dorantes","Defensa en Toluca (LIGA MX) para Apertura 2018 - Clausura 2021","74 kg","1.79","Mexicano","4","4",NA,"0","331",NA,NA
"488","Luis Donaldo Hernández González","Defensa en Toluca (LIGA MX) para Apertura 2019 - Clausura 2020","66 kg","1.74","Mexicano","10","10","1","0","900","2",NA
"489","Alan Medina Camacho","Medio en Toluca (LIGA MX) para Apertura 2018 - Clausura 2022","74.4 kg","1.82","Mexicano",NA,NA,NA,"0",NA,NA,NA
"490","William Fernando Da Silva ","Medio en Toluca (LIGA MX) para Apertura 2018 - Clausura 2021","72 kg","1.75","Mexicano","7","7",NA,"0","577","3",NA
"491","Diego Rigonato Rodrigues","Medio en Toluca (LIGA MX) para Apertura 2019 - Clausura 2022","76 kg","1.75","Brasileño",NA,NA,NA,"0",NA,NA,NA
"492","Federico Andrés Mancuello ","Medio en Toluca (LIGA MX) para Clausura 2019 - Apertura 2021","70 kg","1.75","Argentino","2",NA,NA,"0","27",NA,NA
"493","Antonio Ríos Martínez","Medio en Toluca (LIGA MX) para Clausura 2019 - Apertura 2020","74.9 kg","1.72","Mexicano","3","3",NA,"0","225",NA,NA
"494","Javier Güemez López","Medio en Toluca (LIGA MX) para Clausura 2020 - Clausura 2021","70 kg","1.74","Mexicano","9","7","1","0","680","4",NA
"495","Edgar Felipe Pardo Castro","Medio en Toluca (LIGA MX) para Clausura 2019 - Apertura 2021","80 kg","1.78","Colombiano","10","9",NA,"0","784",NA,NA
"496","Leonardo Cecilio Fernández López","Medio en Toluca (LIGA MX) para Clausura 2020 - Apertura 2020","62 kg","1.7","Uruguayo","10","10","8","0","805","2",NA
"497","Kevin Rafael Escamilla Moreno","Medio en Toluca (LIGA MX) para Clausura 2020 - Clausura 2022","78.6 kg","1.79","Mexicano","5","3",NA,"0","296","1",NA
"498","Emmanuel Gigliotti ","Delantero en Toluca (LIGA MX) para Clausura 2019 - Apertura 2021","81 kg","1.87","Argentino","7","6","3","0","523","2",NA
"499","Michael Steveen Estrada Martínez","Delantero en Toluca (LIGA MX) para Clausura 2020 - Apertura 2022","78 kg","1.84","Ecuatoriano","7","2","2","0","264",NA,NA
"500","Carlos Ernesto Cisneros Barajas","Delantero en Toluca (LIGA MX) para Clausura 2020 - Apertura 2020","73.5 kg","1.75","Mexicano","3",NA,NA,"0","52",NA,NA
"501","Pedro Alexis Canelo ","Delantero en Toluca (LIGA MX) para Apertura 2019 - Clausura 2021","80 kg","1.78","Argentino","8","8","1","0","691","1",NA
"502",NA,NA,NA,NA,NA,NA,NA,NA,NA,NA,NA,NA
"503",NA,NA,NA,NA,NA,NA,NA,NA,NA,NA,NA,NA
"504",NA,NA,NA,NA,NA,NA,NA,NA,NA,NA,NA,NA
"505",NA,NA,NA,NA,NA,NA,NA,NA,NA,NA,NA,NA
"506",NA,NA,NA,NA,NA,NA,NA,NA,NA,NA,NA,NA
"507",NA,NA,NA,NA,NA,NA,NA,NA,NA,NA,NA,NA
"508",NA,NA,NA,NA,NA,NA,NA,NA,NA,NA,NA,NA
"509",NA,NA,NA,NA,NA,NA,NA,NA,NA,NA,NA,NA
"510",NA,NA,NA,NA,NA,NA,NA,NA,NA,NA,NA,NA
"511",NA,NA,NA,NA,NA,NA,NA,NA,NA,NA,NA,NA
"512",NA,NA,NA,NA,NA,NA,NA,NA,NA,NA,NA,NA
"513",NA,NA,NA,NA,NA,NA,NA,NA,NA,NA,NA,NA
"514",NA,NA,NA,NA,NA,NA,NA,NA,NA,NA,NA,NA
"515",NA,NA,NA,NA,NA,NA,NA,NA,NA,NA,NA,NA
"516","Carlos Alberto Higuera de los Ríos","Portero en Tijuana (LIGA MX) para Clausura 2019 - Clausura 2023","77 kg","1.82","Mexicano","1","1",NA,"0","90",NA,NA
"517","Luis Ernesto Michel Vergara","Portero en Tijuana (LIGA MX) para Clausura 2020","76 kg","1.82","Mexicano",NA,NA,NA,"0",NA,NA,NA
"518","Manuel Gibran Lajud Bojalil","Portero en Tijuana (LIGA MX) para Apertura 2018 - Clausura 2023","80 kg","1.8","Mexicano","9","9",NA,"0","810",NA,NA
"519","Miguel Angel Barbieri ","Defensa Central en Tijuana (LIGA MX) para Clausura 2020","79 kg","1.81","Argentino","8","7",NA,"0","631","3","1"
"520","Jordan Jesús Silva Díaz","Defensa en Tijuana (LIGA MX) para Apertura 2019 - Clausura 2021","70 kg","1.89","Mexicano","4","3",NA,"0","287",NA,NA
"521","Leandro Martín González Pirez","Defensa Central en Tijuana (LIGA MX) para Clausura 2020 - Apertura 2022","83 kg","1.84","Argentino","10","10","1","0","900","3",NA
"522","Vladimir Eduardo Loroña Aguilar","Defensa Lateral en Tijuana (LIGA MX) para Apertura 2019 - Clausura 2023","75 kg","1.8","Mexicano","8","8",NA,"0","702","1",NA
"523","Omar Israel Mendoza Martín","Defensa Lateral en Tijuana (LIGA MX)","72 kg","1.73","Mexicano","4","3",NA,"0","282",NA,NA
"524","Víctor Guadalupe Torres Chávez","Defensa Central en Tijuana (LIGA MX) para Apertura 2019 - Clausura 2022","78 kg","1.84","Mexicano",NA,NA,NA,"0",NA,NA,NA
"525","Bryan Colula Alarcón","Defensa Lateral en Tijuana (LIGA MX) para Clausura 2020 - Apertura 2020","70 kg","1.72","Mexicano",NA,NA,NA,"0",NA,NA,NA
"526","Víctor Andrés Guzmán Olmedo","Defensa Central en Tijuana (LIGA MX) para Apertura 2019 - Clausura 2022","75 kg","1.74","Mexicano",NA,NA,NA,"0",NA,NA,NA
"527","Luis Armando Martínez Aguilar","Defensa en Tijuana (LIGA MX) para Clausura 2020","71 kg","1.73","Mexicano",NA,NA,NA,"0",NA,NA,NA
"528","Kevin Alexander Balanta Lucumi","Medio en Tijuana (LIGA MX) para Clausura 2020 - Clausura 2023","73 kg","1.81","Colombiano","4","3",NA,"0","187",NA,NA
"529","José Ignacio Rivero Segade","Medio en Tijuana (LIGA MX) para Apertura 2018 - Apertura 2021","60 kg","1.66","Uruguayo","10","10","1","0","900","1",NA
"530","Christian Hernando Rivera Cuellar","Medio Ofensivo en Tijuana (LIGA MX) para Clausura 2020 - Apertura 2020","76 kg","1.85","Colombiano","10","7",NA,"0","773","1",NA
"531","Alexis Castro ","Medio en Tijuana (LIGA MX) para Clausura 2020 - Apertura 2020","73 kg","1.83","Argentino","6","3","2","0","293","1",NA
"532","Aldo Jafid Cruz Sánchez","Medio en Tijuana (LIGA MX) para Apertura 2019 - Clausura 2022","62 kg","1.73","Mexicano","9","9",NA,"0","796",NA,"1"
"533","Mauro Alberto Lainez Leyva","Medio en Tijuana (LIGA MX) para Apertura 2019 - Clausura 2020","66 kg","1.71","Mexicano","9","9","2","0","676","2","1"
"534","Luis Javier Gamíz Ávila","Medio Defensivo en Tijuana (LIGA MX) para Clausura 2019 - Clausura 2023","68 kg","1.72","Mexicano",NA,NA,NA,"0",NA,NA,NA
"535","Jared Isaí Romero Elías","Medio Defensivo en Tijuana (LIGA MX) para Apertura 2019 - Clausura 2023","71 kg","1.73","Mexicano",NA,NA,NA,"0",NA,NA,NA
"536","Edgar Iván López Rodríguez","Medio Ofensivo en Tijuana (LIGA MX) para Apertura 2019 - Clausura 2022","68 kg","1.8","Mexicano",NA,NA,NA,"0",NA,NA,NA
"537","Alfonso Emilio Sánchez Castillo","Medio Ofensivo en Tijuana (LIGA MX) para Clausura 2020 - Apertura 2020","76 kg","1.85","Mexicano","6","4",NA,"0","317",NA,NA
"538","Camilo Da Silva Sanvezzo","Delantero en Tijuana (LIGA MX) para Apertura 2019 - Clausura 2021","72 kg","1.69","Mexicano","7","7","2","0","505",NA,NA
"539","Ángel Baltazar Sepúlveda Sánchez","Delantero en Tijuana (LIGA MX) para Apertura 2019 - Clausura 2022","79 kg","1.81","Mexicano","6","2",NA,"0","168",NA,NA
"540","Miler Alejandro Bolaños Reascos","Delantero en Tijuana (LIGA MX) para Apertura 2018 - Clausura 2021","65 kg","1.72","Ecuatoriano","9","8",NA,"0","757","3",NA
"541","Bryan Dennys Angulo Tenorio","Delantero en Tijuana (LIGA MX) para Clausura 2020 - Apertura 2020","70 kg","1.83","Ecuatoriano","6","3","1","0","304",NA,NA
"542","Edwin Andrés Cardona Bedoya","Delantero en Tijuana (LIGA MX) para Clausura 2020 - Apertura 2020","92 kg","1.83","Colombiano","4","1",NA,"0","156","2",NA
"543","Erick Estéfano Torres Padilla","Delantero en Tijuana (LIGA MX) para Apertura 2018 - Apertura 2020","78 kg","1.83","Mexicano","7","1","1","0","171",NA,NA
"544","Cesar Alejandro Falletti Dos Santos","Delantero en Tijuana (LIGA MX) para Apertura 2019 - Clausura 2020","78 kg","1.73","Uruguayo","2","2",NA,"0","104",NA,NA
"545","Daniel Guadalupe López Valdéz","Delantero en Tijuana (LIGA MX) para Apertura 2018 - Apertura 2022","66 kg","1.79","Mexicano",NA,NA,NA,"0",NA,NA,NA
"546",NA,NA,NA,NA,NA,NA,NA,NA,NA,NA,NA,NA
"547",NA,NA,NA,NA,NA,NA,NA,NA,NA,NA,NA,NA
"548",NA,NA,NA,NA,NA,NA,NA,NA,NA,NA,NA,NA
"549",NA,NA,NA,NA,NA,NA,NA,NA,NA,NA,NA,NA
"550",NA,NA,NA,NA,NA,NA,NA,NA,NA,NA,NA,NA
"551",NA,NA,NA,NA,NA,NA,NA,NA,NA,NA,NA,NA
"552",NA,NA,NA,NA,NA,NA,NA,NA,NA,NA,NA,NA
"553",NA,NA,NA,NA,NA,NA,NA,NA,NA,NA,NA,NA
"554","José Santiago Hernández García","Portero en Atlas (LIGA MX) para Apertura 2019 - Clausura 2022","80 kg","1.82","Mexicano",NA,NA,NA,"0",NA,NA,NA
"555","Camilo Andrés Vargas Gil","Portero en Atlas (LIGA MX) para Apertura 2019 - Clausura 2022","82 kg","1.87","Colombiano","10","10",NA,"0","900","1",NA
"556","Edgar Adolfo Hernández Téllez","Portero en Atlas (LIGA MX) para Apertura 2019 - Clausura 2020","84 kg","1.87","Mexicano",NA,NA,NA,"0",NA,NA,NA
"557","Hugo Martín Nervo ","Defensa en Atlas (LIGA MX) para Apertura 2019 - Clausura 2020","80 kg","1.8","Argentino","9","9",NA,"0","757","1","1"
"558","Ismael Govea Solorzano","Defensa en Atlas (LIGA MX) para Apertura 2019 - Apertura 2022","75 kg","1.78","Mexicano","9","9",NA,"0","792","2",NA
"559","José Javier Abella Fanjul","Defensa en Atlas (LIGA MX) para Clausura 2020 - Apertura 2020","73 kg","1.75","Mexicano","8","7","1","0","590",NA,"1"
"560","Anderson Santamaría Bardales","Defensa en Atlas (LIGA MX) para Apertura 2019 - Clausura 2022","79 kg","1.84","Peruano",NA,NA,NA,"0",NA,NA,NA
"561","Brayton Josué Vázquez Vélez","Defensa en Atlas (LIGA MX) para Apertura 2019 - Clausura 2022","78 kg","1.81","Mexicano","2","1",NA,"0","135",NA,NA
"562","Diego Armando Barbosa Zaragoza","Defensa en Atlas (LIGA MX) para Apertura 2019 - Clausura 2022","70 kg","1.73","Mexicano","3","3","1","0","270","1",NA
"563","Jesús Alberto Angulo Uriarte","Defensa en Atlas (LIGA MX) para Apertura 2019 - Clausura 2020","75 kg","1.78","Mexicano",NA,NA,NA,"0",NA,NA,NA
"564","Germán Andrés Conti ","Defensa en Atlas (LIGA MX) para Clausura 2020 - Apertura 2020","75 kg","1.83","Argentino","7","7",NA,"0","630","1",NA
"565","Edgar Zaldivar Valverde","Medio en Atlas (LIGA MX) para Apertura 2019 - Apertura 2022","75 kg","1.72","Mexicano","5","3",NA,"0","340",NA,NA
"566","Ían Jairo Misael Torres Ramírez","Medio en Atlas (LIGA MX) para Apertura 2019 - Apertura 2022","67 kg","1.7","Mexicano","6","4",NA,"0","360",NA,"1"
"567","Ulíses Israel Cardona Carrillo","Medio en Atlas (LIGA MX) para Apertura 2019 - Clausura 2022","70 kg","1.78","Mexicano","6","6",NA,"0","462",NA,NA
"568","Daniel Aguilar Muñoz","Medio en Atlas (LIGA MX) para Apertura 2019 - Clausura 2022","76 kg","1.75","Mexicano",NA,NA,NA,"0",NA,NA,NA
"569","Mauricio Andrés Cuero Castillo","Medio en Atlas (LIGA MX) para Apertura 2019 - Clausura 2020","83 kg","1.78","Colombiano","5","2","2","0","239","1",NA
"570","Faberth Manuel Balda Rodríguez","Medio en Atlas (LIGA MX) para Apertura 2019 - Clausura 2022","70 kg","1.78","Ecuatoriano","1","1",NA,"0","45",NA,NA
"571","Lorenzo Enrique Reyes Vicencio","Medio en Atlas (LIGA MX) para Apertura 2019 - Clausura 2021","70 kg","1.7","Chileno","7","7",NA,"0","567","1",NA
"572","Jesús Antonio Isijara Rodríguez","Medio en Atlas (LIGA MX) para Clausura 2020 - Apertura 2021","78 kg","1.79","Mexicano","9","5",NA,"0","504",NA,NA
"573","Ignacio Alejandro Jeraldino Jil","Delantero en Atlas (LIGA MX) para Clausura 2020 - Apertura 2023","77 kg","1.8","Chileno","9","9","2","0","772","4",NA
"574","Luciano Federico Acosta ","Delantero en Atlas (LIGA MX) para Clausura 2020 - Apertura 2022","60 kg","1.7","Argentino","10","10","1","0","807","3",NA
"575","Edson Ulíses Rivera Vargas","Delantero en Atlas (LIGA MX) para Apertura 2019 - Clausura 2020","78 kg","1.8","Mexicano","6","2",NA,"0","185",NA,NA
"576","Marcelo Javier Correa ","Delantero en Atlas (LIGA MX) para Apertura 2019 - Clausura 2020","80 kg","1.8","Argentino","8","4","2","0","436","3",NA
"577",NA,NA,NA,NA,NA,NA,NA,NA,NA,NA,NA,NA
"578",NA,NA,NA,NA,NA,NA,NA,NA,NA,NA,NA,NA
"579",NA,NA,NA,NA,NA,NA,NA,NA,NA,NA,NA,NA
"580",NA,NA,NA,NA,NA,NA,NA,NA,NA,NA,NA,NA
"581",NA,NA,NA,NA,NA,NA,NA,NA,NA,NA,NA,NA
"582",NA,NA,NA,NA,NA,NA,NA,NA,NA,NA,NA,NA
"583",NA,NA,NA,NA,NA,NA,NA,NA,NA,NA,NA,NA
"584",NA,NA,NA,NA,NA,NA,NA,NA,NA,NA,NA,NA
"585","Marcelo Alberto Barovero ","Portero en Monterrey (LIGA MX)","72.5 kg","1.82","Argentino","10","10",NA,"0","900","1",NA
"586","Luis Alberto Cárdenas López","Portero en Monterrey (LIGA MX) para Apertura 2019 - Clausura 2024","84.1 kg","1.83","Mexicano",NA,NA,NA,"0",NA,NA,NA
"587","Edson Alan Reséndez Sánchez","Portero en Monterrey (LIGA MX) para Apertura 2018 - Clausura 2023","82.3 kg","1.81","Mexicano",NA,NA,NA,"0",NA,NA,NA
"588","César Jasib Montes Castro","Defensa Central en Monterrey (LIGA MX) para Apertura 2018 - Apertura 2022","70 kg","1.91","Mexicano","8","7",NA,"0","653","1",NA
"589","Nicolás Gabriel Sánchez ","Defensa Central en Monterrey (LIGA MX) para Clausura 2020 - Clausura 2021","74 kg","1.82","Argentino","9","9","2","0","764","3","1"
"590","Edson Antonio Gutiérrez Moreno","Defensa Lateral en Monterrey (LIGA MX) para Apertura 2018 - Clausura 2023","67 kg","1.76","Mexicano","2","1",NA,"0","103",NA,NA
"591","Leonel Jesús Vangioni ","Defensa Lateral en Monterrey (LIGA MX)","68 kg","1.78","Argentino","4","4",NA,"0","283",NA,NA
"592","José María Basanta ","Defensa Central en Monterrey (LIGA MX)","78.3 kg","1.88","Mexicano","4","4",NA,"0","331","1",NA
"593","Jesús Daniel Gallardo Vasconcelos","Defensa Lateral en Monterrey (LIGA MX) para Apertura 2018 - Clausura 2023","73 kg","1.76","Mexicano","8","8","3","0","720","3",NA
"594","Miguel Arturo Layún Prado","Defensa Lateral en Monterrey (LIGA MX) para Clausura 2019 - Apertura 2021","71 kg","1.78","Mexicano","10","7","1","0","667",NA,NA
"595","John Stefan Medina Ramírez","Defensa en Monterrey (LIGA MX) para Apertura 2018 - Apertura 2021","72 kg","1.8","Colombiano","10","10",NA,"0","900","1",NA
"596","Claudio Matías Kranevitter ","Medio en Monterrey (LIGA MX) para Clausura 2020 - Apertura 2023","67 kg","1.78","Argentino","3","3",NA,"0","260",NA,NA
"597","Celso Fabián Ortíz Gamarra","Medio en Monterrey (LIGA MX) para Apertura 2019 - Clausura 2021","74.5 kg","1.74","Paraguayo","9","8",NA,"0","734","1",NA
"598","Arturo Alfonso González González","Medio Ofensivo en Monterrey (LIGA MX) para Apertura 2018 - Clausura 2021","79.2 kg","1.75","Mexicano","6",NA,NA,"0","108","1",NA
"599","Jonathan Alexander González Mendoza","Medio en Monterrey (LIGA MX) para Apertura 2018 - Clausura 2022","62 kg","1.75","Mexicano","4","1",NA,"0","130",NA,NA
"600","Carlos Alberto Rodríguez Gómez","Medio en Monterrey (LIGA MX) para Apertura 2018 - Clausura 2023","66 kg","1.76","Mexicano","9","9",NA,"0","720","2",NA
"601","Maximiliano Eduardo Meza ","Medio en Monterrey (LIGA MX) para Clausura 2019 - Apertura 2023","80 kg","1.81","Argentino","7","5",NA,"0","445","2",NA
"602","William Hudson Silva De Almeida","Medio en Monterrey (LIGA MX) para Apertura 2019 - Clausura 2020","76 kg","1.78","Mexicano",NA,NA,NA,"0",NA,NA,NA
"603","Eric David Cantú Guerrero","Medio en Monterrey (LIGA MX) para Apertura 2019 - Clausura 2023","72.4 kg","1.78","Mexicano",NA,NA,NA,"0",NA,NA,NA
"604","Rogelio Gabriel Funes Mori ","Delantero en Monterrey (LIGA MX) para Apertura 2018 - Apertura 2022","78.8 kg","1.86","Argentino","9","9","2","0","810","5",NA
"605","Dorlan Mauricio Pabón Ríos","Delantero en Monterrey (LIGA MX) para Apertura 2019 - Clausura 2022","74.4 kg","1.7","Colombiano","9","7",NA,"0","528","2",NA
"606","Vincent Petrus Anna Sebastiaan Janssen ","Delantero en Monterrey (LIGA MX) para Apertura 2019 - Clausura 2024","79 kg","1.84","Neerlandés","6","2",NA,"0","294","1",NA
"607","Ake Arnaud Loba ","Delantero en Monterrey (LIGA MX) para Clausura 2020 - Apertura 2023","72 kg","1.79","Costamarfileño","3","2","1","0","119",NA,NA
"608",NA,NA,NA,NA,NA,NA,NA,NA,NA,NA,NA,NA
"609",NA,NA,NA,NA,NA,NA,NA,NA,NA,NA,NA,NA
"610",NA,NA,NA,NA,NA,NA,NA,NA,NA,NA,NA,NA
"611",NA,NA,NA,NA,NA,NA,NA,NA,NA,NA,NA,NA
"612",NA,NA,NA,NA,NA,NA,NA,NA,NA,NA,NA,NA
"613",NA,NA,NA,NA,NA,NA,NA,NA,NA,NA,NA,NA
"614",NA,NA,NA,NA,NA,NA,NA,NA,NA,NA,NA,NA
"615",NA,NA,NA,NA,NA,NA,NA,NA,NA,NA,NA,NA
"616",NA,NA,NA,NA,NA,NA,NA,NA,NA,NA,NA,NA
"617",NA,NA,NA,NA,NA,NA,NA,NA,NA,NA,NA,NA
"618",NA,NA,NA,NA,NA,NA,NA,NA,NA,NA,NA,NA
